nombre;categoria;;nombre1;nombre2;numero1;videomobile1;video1;engine1
Alien VS Predator;Alien VS Predator;;alien-vs-predator;alien-vs-predator;1;YyYCbtLt;T51FeWos;https://steamcommunity.com/sharedfiles/filedetails/?id=2938092781
Apex Legends;Apex Legends;;apex-legends;apex-legends;1;ynSX0ZyL;5qakio4h;https://steamcommunity.com/sharedfiles/filedetails/?id=2936753359
Light and Night;Light and Night;;light-and-night;light-and-night;1;HtMAuKAP;MRGHzoMX;https://steamcommunity.com/sharedfiles/filedetails/?id=2936664735
Visualdon;Visualdon;;visualdon;visualdon;1;tI4gx2xd;Mp0b40Eo;https://steamcommunity.com/sharedfiles/filedetails/?id=2935272802
Humor;Humor;;humor;humor;1;aJFvUEjq;tWAsDOPi;https://steamcommunity.com/sharedfiles/filedetails/?id=2936007418
Formula 1;Formula 1;;formula-1;formula-1;1;CMlNrXvA;vCuIEysG;https://steamcommunity.com/sharedfiles/filedetails/?id=2939378650
Harry Potter;Harry Potter;;harry-potter;harry-potter;1;rJOP6hpQ;gDNEI3fx;https://steamcommunity.com/sharedfiles/filedetails/?id=2938306414
Lo-Fi;Lo-Fi;;lo-fi;lo-fi;1;pPiipdBW;Ss8CHmVC;https://steamcommunity.com/sharedfiles/filedetails/?id=2937715591
Deceit 2;Deceit 2;;deceit-2;deceit-2;1;GNPymVT4;sZthdSaK;https://steamcommunity.com/sharedfiles/filedetails/?id=2938648512
Tower Of Fantasy;Tower Of Fantasy;;tower-of-fantasy;tower-of-fantasy;1;M3xJbG0J;e6IQotpu;https://steamcommunity.com/sharedfiles/filedetails/?id=2938006340
Nubes;Nubes;;nubes;nubes;1;8B1IJMib;TDsG34p1;https://steamcommunity.com/sharedfiles/filedetails/?id=2939758268
Puentes;Puentes;;puentes;puentes;1;8E60JkCK;a3RbRMNB;https://steamcommunity.com/sharedfiles/filedetails/?id=2939189218
Cascadas;Cascadas;;cascadas;cascadas;1;qGhoeZ8g;QccxZSmf;https://steamcommunity.com/sharedfiles/filedetails/?id=2939149647
Ciudad;Ciudad;;ciudad;ciudad;1;3Vkcdnqi;XuMjNDBC;https://steamcommunity.com/sharedfiles/filedetails/?id=2939149647
Soldados;Soldados;;soldados;soldados;1;S4guJ6SI;vfsyAliN;https://steamcommunity.com/sharedfiles/filedetails/?id=2938890247
Nier;Nier;;nier;nier;1;i1aGKf0S;os78ETlz;https://steamcommunity.com/sharedfiles/filedetails/?id=2940001811
Eldenring;Eldenring;;eldenring;eldenring;1;GaRMfoMr;87fdnd4Z;https://steamcommunity.com/sharedfiles/filedetails/?id=2939729311
Robots;Robots;;robots;robots;1;sf4rZkkX;Sh3JI7uJ;https://steamcommunity.com/sharedfiles/filedetails/?id=2940224456
Sons Of The Forest;Sons Of The Forest;;sons-of-the-forest;sons-of-the-forest;1;rsAyXE5l;MadAQUrJ;https://steamcommunity.com/sharedfiles/filedetails/?id=2939192444
Civilization 6;Civilization 6;;civilization-6;civilization-6;1;8MSzfWBs;d87WiNpd;https://steamcommunity.com/sharedfiles/filedetails/?id=2939780773
Barcos;Barcos;;barcos;barcos;1;lVpTqliF;SKzGVRu4;https://steamcommunity.com/sharedfiles/filedetails/?id=2938867625
Audio Responsive;Audio Responsive;;audio-responsive;audio-responsive;1;fUNLu9WI;s4Ypv7Av;https://steamcommunity.com/sharedfiles/filedetails/?id=2938053347
Avión;Avión;;avion;avion;1;ftSZ0fp6;qh48RYyb;https://steamcommunity.com/sharedfiles/filedetails/?id=2936425957
Minecraft;Minecraft;;minecraft;minecraft;1;xzODiYIa;jAEohu3o;https://steamcommunity.com/sharedfiles/filedetails/?id=2937685723
Naruto;Naruto;;naruto;naruto;1;VwPgr5nY;3KCz9WXB;https://steamcommunity.com/sharedfiles/filedetails/?id=2918224753
Demon Slayer;Demon Slayer;;demon-slayer;demon-slayer;1;5kN6FjAo;mDSnfiQx;https://steamcommunity.com/sharedfiles/filedetails/?id=2871046076
Cyberpunk 2077;Cyberpunk 2077;;cyberpunk;cyberpunk;1;IVeSwkkd;ivH8d66P;https://steamcommunity.com/sharedfiles/filedetails/?id=2821748619
Star Wars;Star Wars;;starwars;starwars;1;SYSlui8Q;7lxonJX2;https://steamcommunity.com/sharedfiles/filedetails/?id=2311315748
Valorant;Valorant;;valorant;valorant;1;HQ9yYQRT;DYEuNHNp;https://steamcommunity.com/sharedfiles/filedetails/?id=2907220020
Neon;Neon;;neon;neon;1;KJy3zG52;U4RA2Ssr;https://steamcommunity.com/sharedfiles/filedetails/?id=2911989820
Resident Evil 4;Resident Evil 4;;resident-evil;resident-evil;1;4q70JftW;7HQPLK2n;https://steamcommunity.com/sharedfiles/filedetails/?id=2845194841
