nombrepost;nombrecategoria;iframeyoutube;linkdescarga;linkdescargamovil;permalink;foto
Eleven Waffles;Stranger Things;"<iframe width=""640"" height=""360"" frameborder=""0"" src=""https://mega.nz/embed/X1ETVT4K#Ir7uzmgFngvXSk64p-BgRMc8rq8M1znrFpyHT2JQqJs"" allowfullscreen ></iframe>";https://mega.nz/file/X1ETVT4K#Ir7uzmgFngvXSk64p-BgRMc8rq8M1znrFpyHT2JQqJs;https://mega.nz/file/2o8ABZ4I#g1Y6DwDf_IT-_29tZ35WTApMwJq9l8PoB0r5fW_also;eleven-waffles;https://fondosanimados.com/wp-content/uploads/2022/07/vlcsnap-2022-07-05-16h20m31s009-450x253.jpg
011 Violeta;Stranger Things;"<iframe width=""640"" height=""360"" frameborder=""0"" src=""https://mega.nz/embed/i8kTFbbC#Qq4WHxkyiiMM1M_fo5gznZIO4H8p_o3x5VqEC9VMc-s"" allowfullscreen ></iframe>";https://mega.nz/file/i8kTFbbC#Qq4WHxkyiiMM1M_fo5gznZIO4H8p_o3x5VqEC9VMc-s;https://mega.nz/file/Os1XRJiL#A9hlBU_0lBw72nkmpDxScaSGyXRcStzQEVl_fwEIzMQ;011-violeta;https://fondosanimados.com/wp-content/uploads/2022/07/vlcsnap-2022-07-05-16h20m38s654-450x253.jpg
Sonrisa y helados;Stranger Things;"<iframe width=""640"" height=""360"" frameborder=""0"" src=""https://mega.nz/embed/e4thkBCY#ZCGow2vTJ5loxjhOcfiJ6rhpTo4j5TbV3qlO71XZTy0"" allowfullscreen ></iframe>";https://mega.nz/file/e4thkBCY#ZCGow2vTJ5loxjhOcfiJ6rhpTo4j5TbV3qlO71XZTy0;https://mega.nz/file/Shs1HahQ#sQ_vGvPPS2OQ_6u02zZCi97_gxAfrLfUMEqnSh03F7I;sonrisa-y-helados;https://fondosanimados.com/wp-content/uploads/2022/07/vlcsnap-2022-07-05-16h20m41s724-450x253.jpg
Con las bestias;Stranger Things;"<iframe width=""640"" height=""360"" frameborder=""0"" src=""https://mega.nz/embed/e4snBAqB#8Km0bVQk-Z8xyMuACUxk-0tnuXRtiEt-Z6P3QyA7LX4"" allowfullscreen ></iframe>";https://mega.nz/file/e4snBAqB#8Km0bVQk-Z8xyMuACUxk-0tnuXRtiEt-Z6P3QyA7LX4;https://mega.nz/file/7xsx0TCK#tq8aUzjtjCUrb0ErIg6pCLz-asdLN8R1nKgZZbKd6xY;con-las-bestias;https://fondosanimados.com/wp-content/uploads/2022/07/vlcsnap-2022-07-05-16h20m50s057-450x253.jpg
Eleven Retrato;Stranger Things;"<iframe width=""640"" height=""360"" frameborder=""0"" src=""https://mega.nz/embed/X4d0CJIT#Hd0q2Jb3utvXF64c4BnTlBCieSvfDrCqaiX7RjLygRs"" allowfullscreen ></iframe>";https://mega.nz/file/X4d0CJIT#Hd0q2Jb3utvXF64c4BnTlBCieSvfDrCqaiX7RjLygRs;https://mega.nz/file/z4NBAQzD#c-DP9duBk-OAg5KDMxYJ6d-7uxpAFMPgFgIxbSCrCUU;eleven-retrato;https://fondosanimados.com/wp-content/uploads/2022/07/vlcsnap-2022-07-05-16h20m53s980-450x253.jpg
Upside Down;Stranger Things;"<iframe width=""640"" height=""360"" frameborder=""0"" src=""https://mega.nz/embed/G4VCELoA#y0mmw6Xj1ID9bwDdnCvr5S6WHkqOrpnLFrLGzcf-sbA"" allowfullscreen ></iframe>";https://mega.nz/file/G4VCELoA#y0mmw6Xj1ID9bwDdnCvr5S6WHkqOrpnLFrLGzcf-sbA;https://mega.nz/file/6wtFWKqY#veHLhj06amQ6Wz89KehxfGJ8mj_s4BU143ZSMoks9rY;upside-down;https://fondosanimados.com/wp-content/uploads/2022/07/vlcsnap-2022-07-05-16h20m57s277-450x253.jpg
Mike Fuegos Artificiales;Stranger Things;"<iframe width=""640"" height=""360"" frameborder=""0"" src=""https://mega.nz/embed/P1FXxT4R#nodmi4lQ34Fu-FDo5Jae-AX_tlTkIa5Tpv4IrmV01zs"" allowfullscreen ></iframe>";https://mega.nz/file/P1FXxT4R#nodmi4lQ34Fu-FDo5Jae-AX_tlTkIa5Tpv4IrmV01zs;https://mega.nz/file/H9cAwaCB#lboV_NNUpD01ExoVVkVQHJPnG7k6X7r27VMBBXmD4-g;mike-fuegos-artificiales;https://fondosanimados.com/wp-content/uploads/2022/07/vlcsnap-2022-07-05-16h21m15s153-450x253.jpg
Robin Fuegos Artificiales;Stranger Things;"<iframe width=""640"" height=""360"" frameborder=""0"" src=""https://mega.nz/embed/St0kybxQ#kIPx-L6uL64PDJ4wPPyZvhqB1FrF5xDyP5TPNQ7e3Ig"" allowfullscreen ></iframe>";https://mega.nz/file/St0kybxQ#kIPx-L6uL64PDJ4wPPyZvhqB1FrF5xDyP5TPNQ7e3Ig;https://mega.nz/file/C8twULjL#q87w_ndHdT8WCN_FdvAHofvw7z4KGeOWqaRCCLdA1l0;robin-fuegos-artificiales;https://fondosanimados.com/wp-content/uploads/2022/07/vlcsnap-2022-07-05-16h21m24s712-450x253.jpg
Nancy Fuegos Artificiales;Stranger Things;"<iframe width=""640"" height=""360"" frameborder=""0"" src=""https://mega.nz/embed/igcQQaoJ#Gtr0z2_xz_Q6NNFGSYIf7HXrCTl1MTDImOqAcRBPsJw"" allowfullscreen ></iframe>";https://mega.nz/file/igcQQaoJ#Gtr0z2_xz_Q6NNFGSYIf7HXrCTl1MTDImOqAcRBPsJw;https://mega.nz/file/CwExmCYK#Va4itBGMoi1OU5LN-2HLXfDnDxLJJCLf3fEd3SLyW3Q;nancy-fuegos-artificiales;https://fondosanimados.com/wp-content/uploads/2022/07/vlcsnap-2022-07-05-16h21m28s603-450x253.jpg
Anime de los 80;Stranger Things;"<iframe width=""640"" height=""360"" frameborder=""0"" src=""https://mega.nz/embed/n5dDlLwI#8WJ9u0gYeQvg5xtwRn1jfsGsYGglCV1UH0M72kj-d9A"" allowfullscreen ></iframe>";https://mega.nz/file/n5dDlLwI#8WJ9u0gYeQvg5xtwRn1jfsGsYGglCV1UH0M72kj-d9A;https://mega.nz/file/mwEgTZSJ#olE8bZLl5pJy6oLU-wATVmnjmCjqQ-HtGQtVtmi5Px4;anime-de-los-80;https://fondosanimados.com/wp-content/uploads/2022/07/vlcsnap-2022-07-05-16h21m32s920-450x253.jpg
Eddie Munson Temporada 4;Stranger Things;"<iframe width=""640"" height=""360"" frameborder=""0"" src=""https://mega.nz/embed/zolCGAbR#f65Ecvld8YR0NV9CXWhI5tYYpsrgcKD8TaqLIfX3vqg"" allowfullscreen ></iframe>";https://mega.nz/file/zolCGAbR#f65Ecvld8YR0NV9CXWhI5tYYpsrgcKD8TaqLIfX3vqg;https://mega.nz/file/758CXSbJ#Xm-dMgAmt2MVu08UEGectuO4MINxEBT7mPMGjjCgFlE;eddie-munson-temporada-4;https://fondosanimados.com/wp-content/uploads/2022/07/vlcsnap-2022-07-05-16h21m36s695-450x253.jpg
Max Fuegos Artificiales;Stranger Things;"<iframe width=""640"" height=""360"" frameborder=""0"" src=""https://mega.nz/embed/201liB4A#art9o-Rg5Zx6V-4vRGYMQZNaggqGEk8J32AZGDVHwmc"" allowfullscreen ></iframe>";https://mega.nz/file/201liB4A#art9o-Rg5Zx6V-4vRGYMQZNaggqGEk8J32AZGDVHwmc;https://mega.nz/file/j4Myhb6T#i4VbT04N_tiRkaH1uubM76yZEnr2xFEXBHeja6oihO8;max-fuegos-artificiales;https://fondosanimados.com/wp-content/uploads/2022/07/vlcsnap-2022-07-05-16h21m43s109-450x253.jpg
Biclicletas por el Bosque;Stranger Things;"<iframe width=""640"" height=""360"" frameborder=""0"" src=""https://mega.nz/embed/Ltd01TBa#Nzd3oM1JtgTrsy-8uchRB9k1JIx18WtZmdg0PfxB_tI"" allowfullscreen ></iframe>";https://mega.nz/file/Ltd01TBa#Nzd3oM1JtgTrsy-8uchRB9k1JIx18WtZmdg0PfxB_tI;https://mega.nz/file/z0dECAwZ#9-teZWEJp-L_4svmr0kM3EkPWunyjkqmyw0-Us2_oAs;biclicletas-por-el-bosque;https://fondosanimados.com/wp-content/uploads/2022/07/vlcsnap-2022-07-05-16h21m49s426-450x253.jpg
Asustados Demogorgon;Stranger Things;"<iframe width=""640"" height=""360"" frameborder=""0"" src=""https://mega.nz/embed/fllzVRyK#zMR31EZg7axPiEa-rXGjriqePeMr595KYFhOW1QNP54"" allowfullscreen ></iframe>";https://mega.nz/file/fllzVRyK#zMR31EZg7axPiEa-rXGjriqePeMr595KYFhOW1QNP54;https://mega.nz/file/K1VmTTSA#5Xf27_INjRsJUaZ7K_1gfbOH3VNwkS9LQGHuJHd9Vcs;asustados-demogorgon;https://fondosanimados.com/wp-content/uploads/2022/07/vlcsnap-2022-07-05-16h21m52s287-450x253.jpg
Season 4;Stranger Things;"<iframe width=""640"" height=""360"" frameborder=""0"" src=""https://mega.nz/embed/3xMwVarS#3y0gZrP6XZVI1DMh5euvnBhpJxo9TsUu6xsw2oQuluo"" allowfullscreen ></iframe>";https://mega.nz/file/3xMwVarS#3y0gZrP6XZVI1DMh5euvnBhpJxo9TsUu6xsw2oQuluo;https://mega.nz/file/ms9GyaAC#qPc9HUEu4kdHiyHasX657N9TjsPL-1zNZs4q_Iqyk0Y;season-4;https://fondosanimados.com/wp-content/uploads/2022/07/vlcsnap-2022-07-05-16h21m54s626-450x253.jpg
Eleven Rojo;Stranger Things;"<iframe width=""640"" height=""360"" frameborder=""0"" src=""https://mega.nz/embed/Hol1lZrQ#-eOJUlzl7MPfot0fBbQlulJnW82Uh595x9M655XuzNw"" allowfullscreen ></iframe>";https://mega.nz/file/Hol1lZrQ#-eOJUlzl7MPfot0fBbQlulJnW82Uh595x9M655XuzNw;https://mega.nz/file/3xFz0YAD#OniOWAjqXhxFmctJ4lZsp29sCKeq1RDOWfEpHgedENY;eleven-rojo;https://fondosanimados.com/wp-content/uploads/2022/07/vlcsnap-2022-07-05-16h22m00s453-450x253.jpg
X Rick y Morty;Stranger Things;"<iframe width=""640"" height=""360"" frameborder=""0"" src=""https://mega.nz/embed/PoFlxQbI#zWhfo30lPkPh03qETvxcR2jed1jmQ6VZWzchMTBPdXY"" allowfullscreen ></iframe>";https://mega.nz/file/PoFlxQbI#zWhfo30lPkPh03qETvxcR2jed1jmQ6VZWzchMTBPdXY;https://mega.nz/file/z8sHABTB#JoeM9NzqMeaGDZ3_2kXwjp8K0P48AFvuvgzxCGAoMZs;x-rick-y-morty;https://fondosanimados.com/wp-content/uploads/2022/07/vlcsnap-2022-07-05-16h22m04s113-450x253.jpg
Eleven Temporada 2;Stranger Things;"<iframe width=""640"" height=""360"" frameborder=""0"" src=""https://mega.nz/embed/mgsFgD5Z#rw5L_yo35ckh7HEHhRl_Yp5d3R7wSssPpacLBWsm1yw"" allowfullscreen ></iframe>";https://mega.nz/file/mgsFgD5Z#rw5L_yo35ckh7HEHhRl_Yp5d3R7wSssPpacLBWsm1yw;https://mega.nz/file/Posj1I7S#Qoipz3_L46vLEczEx_eFZiCX9ZFf-3lqHxgowK9wCP8;eleven-temporada-2;https://fondosanimados.com/wp-content/uploads/2022/07/vlcsnap-2022-07-05-16h22m07s536-450x253.jpg
Sacrificio de Billy;Stranger Things;"<iframe width=""640"" height=""360"" frameborder=""0"" src=""https://mega.nz/embed/nwVkzKDJ#Fpo2_gelgL6UGICIaz37SVYG4notCYGu5mBL_Pw8xRc"" allowfullscreen ></iframe>";https://mega.nz/file/nwVkzKDJ#Fpo2_gelgL6UGICIaz37SVYG4notCYGu5mBL_Pw8xRc;https://mega.nz/file/z19QnKQZ#f_f6zyBG8RtJHFX6sj6_Y0qXsOZydwe_bBKEudJf4LM;sacrificio-de-billy;https://fondosanimados.com/wp-content/uploads/2022/07/vlcsnap-2022-07-05-16h22m10s397-450x253.jpg
Sombras y Luna Roja;Stranger Things;"<iframe width=""640"" height=""360"" frameborder=""0"" src=""https://mega.nz/embed/29NgUQSI#H2xeC0dT5L27vVVzjEftYuLuEKLCv-o_4v0oY2WRkUM"" allowfullscreen ></iframe>";https://mega.nz/file/29NgUQSI#H2xeC0dT5L27vVVzjEftYuLuEKLCv-o_4v0oY2WRkUM;https://mega.nz/file/as01RRiS#Q2GmC5emPv-iypEBkHqgZ2WuEorkSeQ9N36RZsvxNNM;sombras-y-luna-roja;https://fondosanimados.com/wp-content/uploads/2022/07/vlcsnap-2022-07-05-16h22m13s767-450x253.jpg
El grupo con Humo;Stranger Things;"<iframe width=""640"" height=""360"" frameborder=""0"" src=""https://mega.nz/embed/fh1xwb7A#0oKaTNpOOfVBikEDGUCtXMWPC48na8b8-mmKSBKt7l8"" allowfullscreen ></iframe>";https://mega.nz/file/fh1xwb7A#0oKaTNpOOfVBikEDGUCtXMWPC48na8b8-mmKSBKt7l8;https://mega.nz/file/e0lS2R4J#u7dOUBqw-EtFA4vqh5ISICkBQssi4MmI_V3I5qxq6ys;el-grupo-con-humo;https://fondosanimados.com/wp-content/uploads/2022/07/vlcsnap-2022-07-05-16h22m19s839-450x253.jpg
Vecna Temporada 4;Stranger Things;"<iframe width=""640"" height=""360"" frameborder=""0"" src=""https://mega.nz/embed/ntUGiRaR#hBofnFB0h8C-5H1waksaZ1IHzwsdVARpMpmrfXI28Rg"" allowfullscreen ></iframe>";https://mega.nz/file/ntUGiRaR#hBofnFB0h8C-5H1waksaZ1IHzwsdVARpMpmrfXI28Rg;https://mega.nz/file/6sNFQaKI#2pJxfnpq3CCsg78li-XcR6SmOygbGb7R3TZDPyZc8os;vecna-temporada-4;https://fondosanimados.com/wp-content/uploads/2022/07/vlcsnap-2022-07-05-16h22m25s108-450x253.jpg
Cartel Temporada 4;Stranger Things;"<iframe width=""640"" height=""360"" frameborder=""0"" src=""https://mega.nz/embed/ao8jFT6T#ImdAxTEsf--uq-TITGUo9NRufC1a5VbuZ9_Loy2CTq8"" allowfullscreen ></iframe>";https://mega.nz/file/ao8jFT6T#ImdAxTEsf--uq-TITGUo9NRufC1a5VbuZ9_Loy2CTq8;https://mega.nz/file/ThcjBYyL#-L0tWkSZibaoj2FDSvXqHEt1iEV2ftPgwYdWoSW_ohU;cartel-temporada-4;https://fondosanimados.com/wp-content/uploads/2022/07/vlcsnap-2022-07-05-16h22m27s860-450x253.jpg
Nancy Wheeler en el Bosque;Stranger Things;"<iframe width=""640"" height=""360"" frameborder=""0"" src=""https://mega.nz/embed/i9sFTb4K#nD8RPUetS5biGD6176WJSI8rK7M5FX0BYP9dcUgmebk"" allowfullscreen ></iframe>";https://mega.nz/file/i9sFTb4K#nD8RPUetS5biGD6176WJSI8rK7M5FX0BYP9dcUgmebk;https://mega.nz/file/L01iSKDL#qddrIcgBsdLetbdzjUiLiOuyphgLnN7GfVwlbB6PVm8;nancy-wheeler-en-el-bosque;https://fondosanimados.com/wp-content/uploads/2022/07/vlcsnap-2022-07-05-16h22m30s355-450x253.jpg
Mike Walkie Talkie;Stranger Things;"<iframe width=""640"" height=""360"" frameborder=""0"" src=""https://mega.nz/embed/eglgWIjJ#kGVGyP7BCITSN9Iy8Q-o82g13aBKwuWOTvN5KR2N-bg"" allowfullscreen ></iframe>";https://mega.nz/file/eglgWIjJ#kGVGyP7BCITSN9Iy8Q-o82g13aBKwuWOTvN5KR2N-bg;https://mega.nz/file/WxFwHQKD#Z09EJA9DWbBFtqt3lzj9bEB_wGqwdXAadKqwMRATZho;mike-walkie-talkie;https://fondosanimados.com/wp-content/uploads/2022/07/vlcsnap-2022-07-05-16h22m32s820-450x253.jpg
Eleven Triángulo;Stranger Things;"<iframe width=""640"" height=""360"" frameborder=""0"" src=""https://mega.nz/embed/PkFCDaJR#3G2FZuPu2ZFavZRrZs8nz9o-HF1rskRTam9BgXJ2cGg"" allowfullscreen ></iframe>";https://mega.nz/file/PkFCDaJR#3G2FZuPu2ZFavZRrZs8nz9o-HF1rskRTam9BgXJ2cGg;https://mega.nz/file/T8czySZT#o8os4b87yNgTe2QWWg0MyRK5yro5pfZ-dsNwHTmkbRE;eleven-triángulo;https://fondosanimados.com/wp-content/uploads/2022/07/vlcsnap-2022-07-05-16h22m35s319-450x253.jpg
Actores en la Gala;Stranger Things;"<iframe width=""640"" height=""360"" frameborder=""0"" src=""https://mega.nz/embed/3t0XCarZ#LMpFD3OOukWaduzz_kuVyOAzkxcqLsBxVFtcXMin0F8"" allowfullscreen ></iframe>";https://mega.nz/file/3t0XCarZ#LMpFD3OOukWaduzz_kuVyOAzkxcqLsBxVFtcXMin0F8;https://mega.nz/file/S4MBQaiY#doVj22d69aNv2InmpK5EwG3xePGpRxSRFtQHXaIgou8;actores-en-la-gala;https://fondosanimados.com/wp-content/uploads/2022/07/vlcsnap-2022-07-05-16h22m38s006-450x253.jpg
Drag;Stranger Things;"<iframe width=""640"" height=""360"" frameborder=""0"" src=""https://mega.nz/embed/utEDxbTb#LxmlToCW2mwgFXT-yQZ8aMi6B5kugPIIHp6W5EXaA0Q"" allowfullscreen ></iframe>";https://mega.nz/file/utEDxbTb#LxmlToCW2mwgFXT-yQZ8aMi6B5kugPIIHp6W5EXaA0Q;https://mega.nz/file/ro8VFLwQ#N3JP8FjAGR2S-CPQEtQdpO4gV1XRW_xn6Aiyema6EKo;drag;https://fondosanimados.com/wp-content/uploads/2022/07/vlcsnap-2022-07-05-16h22m40s595-450x253.jpg
Temporada 4 Eleven;Stranger Things;"<iframe width=""640"" height=""360"" frameborder=""0"" src=""https://mega.nz/embed/yp0ATSRS#tnQ2sjK4fx9o6YI6zcSk3IZxjktTHsAZr34Yc3LlVgc"" allowfullscreen ></iframe>";https://mega.nz/file/yp0ATSRS#tnQ2sjK4fx9o6YI6zcSk3IZxjktTHsAZr34Yc3LlVgc;https://mega.nz/file/ilsVWJQb#yrsrFWJVBtUOJ2-dkpv5gY3o-XDiDvUo7EQDDMgwK6E;temporada-4-eleven;https://fondosanimados.com/wp-content/uploads/2022/07/vlcsnap-2022-07-05-16h22m43s374-450x253.jpg
Símbolo Arcade;Stranger Things;"<iframe width=""640"" height=""360"" frameborder=""0"" src=""https://mega.nz/embed/6t0wHTCb#UFhSYfidbXPuQ_My3S_msChattC8pTp5rxCa9iRZLaU"" allowfullscreen ></iframe>";https://mega.nz/file/6t0wHTCb#UFhSYfidbXPuQ_My3S_msChattC8pTp5rxCa9iRZLaU;https://mega.nz/file/e01jnTQa#AOR8Dsm2Y1bwHbT5QSH9iftB0Ol8XoAaqcT5lqm0wSo;simbolo-arcade;https://fondosanimados.com/wp-content/uploads/2022/07/vlcsnap-2022-07-05-16h22m46s749-450x253.jpg
Intro de Pixels;Stranger Things;"<iframe width=""640"" height=""360"" frameborder=""0"" src=""https://mega.nz/embed/288lnYob#VMlVGd6goFVNV4wFuvyvXuJ7jgMYdAiwyR2s4sYmOhI"" allowfullscreen ></iframe>";https://mega.nz/file/288lnYob#VMlVGd6goFVNV4wFuvyvXuJ7jgMYdAiwyR2s4sYmOhI;https://mega.nz/file/3wsCFTTA#eV7CWALICO5bs-LnI3tj8elAEAsGcyvIqDU5MegWh8o;intro-de-pixels;https://fondosanimados.com/wp-content/uploads/2022/07/vlcsnap-2022-07-05-16h22m49s166-450x253.jpg
Nancy Temporada 2;Stranger Things;"<iframe width=""640"" height=""360"" frameborder=""0"" src=""https://mega.nz/embed/CwNjxAhB#-blEEaA1LUsjuWt85-Mc41MHHAfC-HgsIlP-IYPRjiY"" allowfullscreen ></iframe>";https://mega.nz/file/CwNjxAhB#-blEEaA1LUsjuWt85-Mc41MHHAfC-HgsIlP-IYPRjiY;https://mega.nz/file/a8tQnJKA#ZLPC8Go-t9tIL854xTeKbxybIZu0IO-OtQrQS4Bps4g;nancy-temporada-2;https://fondosanimados.com/wp-content/uploads/2022/07/vlcsnap-2022-07-05-16h22m51s606-450x253.jpg
Demogorgon Retratado;Stranger Things;"<iframe width=""640"" height=""360"" frameborder=""0"" src=""https://mega.nz/embed/X50ACYDa#wEvPFMWEiE7u9YLXAYoZo-1mo8D0vwiKJ2r1xe-NcW4"" allowfullscreen ></iframe>";https://mega.nz/file/X50ACYDa#wEvPFMWEiE7u9YLXAYoZo-1mo8D0vwiKJ2r1xe-NcW4;https://mega.nz/file/O4NTiLDA#TU6oYQyxAPbIr7qtZHIq6yBDfXggMMDCwaJnu0NJYSw;demogorgon-retratado;https://fondosanimados.com/wp-content/uploads/2022/07/vlcsnap-2022-07-05-16h22m58s123-450x253.jpg
Eddie Munson;Stranger Things;"<iframe width=""640"" height=""360"" frameborder=""0"" src=""https://mega.nz/embed/rpNgGQaQ#b7g8PT0IPru_TNSmEbZnZ4rzH1E86eVu1fXpBghhh7M"" allowfullscreen ></iframe>";https://mega.nz/file/rpNgGQaQ#b7g8PT0IPru_TNSmEbZnZ4rzH1E86eVu1fXpBghhh7M;https://mega.nz/file/uts2QRTT#2h9lxHYkYzuPCBAuoHDfrIGAqi89NRIX50jHPxVqXlc;eddie-munson;https://fondosanimados.com/wp-content/uploads/2022/07/vlcsnap-2022-07-05-16h23m18s586-450x253.jpg
Jim Hopper Neón;Stranger Things;"<iframe width=""640"" height=""360"" frameborder=""0"" src=""https://mega.nz/embed/O0kn2aab#3T9D-86ZGws8y9TDDYdMbmRP3eCTre0KsTCAilxG3c0"" allowfullscreen ></iframe>";https://mega.nz/file/O0kn2aab#3T9D-86ZGws8y9TDDYdMbmRP3eCTre0KsTCAilxG3c0;https://mega.nz/file/Htk3BQBZ#9iE0CYeX1_b17UIzkzIyIoRlr9v-9U8Das7l86u-sM8;jim-hopper-neon;https://fondosanimados.com/wp-content/uploads/2022/07/vlcsnap-2022-07-05-16h23m21s315-450x253.jpg
Cartel Bienvenido a Hawkins;Stranger Things;"<iframe width=""640"" height=""360"" frameborder=""0"" src=""https://mega.nz/embed/K1siTTQB#q1CAV-IAszKk7pew1QJe9Y-RAa82S30RqBVSzaeEPYw"" allowfullscreen ></iframe>";https://mega.nz/file/K1siTTQB#q1CAV-IAszKk7pew1QJe9Y-RAa82S30RqBVSzaeEPYw;https://mega.nz/file/b50FSCpD#keFp8k9ZQkBs-QK1UxbFz2QjKPn3wzDFWy0ilTnI1_g;cartel-bienvenido-a-hawkins;https://fondosanimados.com/wp-content/uploads/2022/07/vlcsnap-2022-07-05-16h23m24s276-450x253.jpg
Poster Idílico;Stranger Things;"<iframe width=""640"" height=""360"" frameborder=""0"" src=""https://mega.nz/embed/O40hmRbC#WofLN0WgCgWBJmuGKWShnEOVGgorRoDZOQp3ZUBjJdU"" allowfullscreen ></iframe>";https://mega.nz/file/O40hmRbC#WofLN0WgCgWBJmuGKWShnEOVGgorRoDZOQp3ZUBjJdU;https://mega.nz/file/ngshALbR#F6Qy-Pdcm2ewhL_lP8Vfm7aWsGkglvewUl1Q0qzC8Xw;poster-idilico;https://fondosanimados.com/wp-content/uploads/2022/07/vlcsnap-2022-07-05-16h23m27s186-450x253.jpg
Fiesta Temporada 3;Stranger Things;"<iframe width=""640"" height=""360"" frameborder=""0"" src=""https://mega.nz/embed/7oN02D6D#-43ApSw52binxc52OPGgQP8uNOO6IpqR-20_K3CrD7k"" allowfullscreen ></iframe>";https://mega.nz/file/7oN02D6D#-43ApSw52binxc52OPGgQP8uNOO6IpqR-20_K3CrD7k;https://mega.nz/file/O5sljBYL#L_jX6NIiLnGGHa4Dg4Amrh6OhYG0WByM5auoNBSwy68;fiesta-temporada-3;https://fondosanimados.com/wp-content/uploads/2022/07/vlcsnap-2022-07-05-16h23m34s071-450x253.jpg
Alfabeto con Luces;Stranger Things;"<iframe width=""640"" height=""360"" frameborder=""0"" src=""https://mega.nz/embed/n4cB2apS#mfZPB0XNopdR3ilMZvOb__hW1T2PPMj2enLKWvqnul8"" allowfullscreen ></iframe>";https://mega.nz/file/n4cB2apS#mfZPB0XNopdR3ilMZvOb__hW1T2PPMj2enLKWvqnul8;https://mega.nz/file/msUGUBYB#9pmL0dFTFlTH1oPY4LED936aT_XEkxq9WRnMnNpqbzE;alfabeto-con-luces;https://fondosanimados.com/wp-content/uploads/2022/07/vlcsnap-2022-07-05-16h23m38s827-450x253.jpg
Outside the Realm;Stranger Things;"<iframe width=""640"" height=""360"" frameborder=""0"" src=""https://mega.nz/embed/S0EX0KTA#lGIJ13F_IB5fXujWQo5FAgZZmYuHO-7xZMJPKCI7r1o"" allowfullscreen ></iframe>";https://mega.nz/file/S0EX0KTA#lGIJ13F_IB5fXujWQo5FAgZZmYuHO-7xZMJPKCI7r1o;https://mega.nz/file/L1dnCLwK#34Mw-geSpDres7ZkGs40PAAPi8M_QHpBHNdWH1LPURI;outside-the-realm;https://fondosanimados.com/wp-content/uploads/2022/07/vlcsnap-2022-07-05-16h23m45s315-450x253.jpg
Mad Max Máquina Retro;Stranger Things;"<iframe width=""640"" height=""360"" frameborder=""0"" src=""https://mega.nz/embed/f4kTkJaS#RkYjOSKoD80_CT0t1HSs4DYIlKHZfdypWnwBy51fnuw"" allowfullscreen ></iframe>";https://mega.nz/file/f4kTkJaS#RkYjOSKoD80_CT0t1HSs4DYIlKHZfdypWnwBy51fnuw;https://mega.nz/file/zttiDLZY#hhSCtg02nZYsR4AShfJBhSzNJLHIMUa3O8K29Z_cf1w;mad-max-maquina-retro;https://fondosanimados.com/wp-content/uploads/2022/07/vlcsnap-2022-07-05-16h23m47s798-450x253.jpg
Starcourt de frente;Stranger Things;"<iframe width=""640"" height=""360"" frameborder=""0"" src=""https://mega.nz/embed/35VzwRLT#d6midq9xGXs8xv7m5k_5Ij5NJgWTg9V5rFE1rlWU1tQ"" allowfullscreen ></iframe>";https://mega.nz/file/35VzwRLT#d6midq9xGXs8xv7m5k_5Ij5NJgWTg9V5rFE1rlWU1tQ;https://mega.nz/file/Lp0zzRZZ#aSJ3dAgPjUXGon8FesRFTjj7HHIHANW_XDj0uhDfEjU;starcourt-de-frente;https://fondosanimados.com/wp-content/uploads/2022/07/vlcsnap-2022-07-05-16h23m52s758-450x253.jpg
Juego de Aventura;Stranger Things;"<iframe width=""640"" height=""360"" frameborder=""0"" src=""https://mega.nz/embed/ug0iBR7D#QRcqhNZ0TrC5xzfa078vZVh-eAkzdsn3jt5qPueFlI0"" allowfullscreen ></iframe>";https://mega.nz/file/ug0iBR7D#QRcqhNZ0TrC5xzfa078vZVh-eAkzdsn3jt5qPueFlI0;https://mega.nz/file/T59SwDjZ#FlGJBw3gQZcrGAAPdXFe4UMrq3GHEQE_Tytf_l73Vwg;juego-de-aventura;https://fondosanimados.com/wp-content/uploads/2022/07/vlcsnap-2022-07-05-16h23m59s714-450x253.jpg
Humo y Calabazas;Stranger Things;"<iframe width=""640"" height=""360"" frameborder=""0"" src=""https://mega.nz/embed/q9c1gDyA#mCST0e7MNgJjFKEeSwsW_eZPqXwY1a0GR9rlUenMfZU"" allowfullscreen ></iframe>";https://mega.nz/file/q9c1gDyA#mCST0e7MNgJjFKEeSwsW_eZPqXwY1a0GR9rlUenMfZU;https://mega.nz/file/v0VxzCwD#B-DUX9F9ceBTtDBOs2tUo3RZDmcFm0_hFglCin7ALi0;humo-y-calabazas;https://fondosanimados.com/wp-content/uploads/2022/07/vlcsnap-2022-07-05-16h24m02s776-450x253.jpg
Mind Flayer;Stranger Things;"<iframe width=""640"" height=""360"" frameborder=""0"" src=""https://mega.nz/embed/mttyGBbQ#G79Baz0dT7OmSdnz7qiSGOvWTPdKuJoI4x9tpPBAlGY"" allowfullscreen ></iframe>";https://mega.nz/file/mttyGBbQ#G79Baz0dT7OmSdnz7qiSGOvWTPdKuJoI4x9tpPBAlGY;https://mega.nz/file/i99Q2JgT#A4nXMva5RZlrjz_w4r0B_nc3-4DDz7ZtsttPbW7Z6hw;mind-flayer;https://fondosanimados.com/wp-content/uploads/2022/07/vlcsnap-2022-07-05-16h24m54s593-450x253.jpg
11 Pixel;Stranger Things;"<iframe width=""640"" height=""360"" frameborder=""0"" src=""https://mega.nz/embed/Plk1mTAB#UHn0cksn6Vi_bfaU7CFshSrD33wDobVOQJ6HQN6lxks"" allowfullscreen ></iframe>";https://mega.nz/file/Plk1mTAB#UHn0cksn6Vi_bfaU7CFshSrD33wDobVOQJ6HQN6lxks;https://mega.nz/file/Cgd3lIbZ#pgRdOy96Wr4ESbRtDDAWjIC_rnVdrkVBhN7KZ4s9_n0;11-pixel;https://fondosanimados.com/wp-content/uploads/2022/07/vlcsnap-2022-07-05-16h25m02s982-450x253.jpg
Dimensión Cuarta Temporada;Stranger Things;"<iframe width=""640"" height=""360"" frameborder=""0"" src=""https://mega.nz/embed/CxkVVYLB#NfIr2jxrddhA64DEQHcuuRrpQYh-KfvmO5YR-noBRZw"" allowfullscreen ></iframe>";https://mega.nz/file/CxkVVYLB#NfIr2jxrddhA64DEQHcuuRrpQYh-KfvmO5YR-noBRZw;https://mega.nz/file/71txhAbI#Q17h2SoqnAimU8d0PBlSK_4utfnrQvs0OvNRw5HGL-8;dimension-cuarta-temporada;https://fondosanimados.com/wp-content/uploads/2022/07/vlcsnap-2022-07-05-16h25m12s095-450x253.jpg
Letras Rosadas Auto;Stranger Things;"<iframe width=""640"" height=""360"" frameborder=""0"" src=""https://mega.nz/embed/i9dXQYSQ#ukOielDjb0k1BjEolakzSKLrgsAB5bwYVw9kWmNz2eQ"" allowfullscreen ></iframe>";https://mega.nz/file/i9dXQYSQ#ukOielDjb0k1BjEolakzSKLrgsAB5bwYVw9kWmNz2eQ;https://mega.nz/file/i09FxbwL#10EGmUxBd469quWDc6-bqdOjrXYaQOI17ni7s1N_BBQ;letras-rosadas-auto;https://fondosanimados.com/wp-content/uploads/2022/07/vlcsnap-2022-07-05-16h25m17s794-450x253.jpg
Logo con Letras Retro y Neón;Stranger Things;"<iframe width=""640"" height=""360"" frameborder=""0"" src=""https://mega.nz/embed/Hst2XI5K#ZdT95h4gycGuTQnVb0ur0E0fWPy2NGLk_2r6AtRgGeg"" allowfullscreen ></iframe>";https://mega.nz/file/Hst2XI5K#ZdT95h4gycGuTQnVb0ur0E0fWPy2NGLk_2r6AtRgGeg;https://mega.nz/file/TwUB0CoB#sQ7NVdHxzn-dq3bS0KKAvbt19a31Mimxr31tYdVD7BQ;logo-con-letras-retro-y-neon;https://fondosanimados.com/wp-content/uploads/2022/07/vlcsnap-2022-07-05-16h25m21s188-450x253.jpg
Steve Fuegos Artificiales;Stranger Things;"<iframe width=""640"" height=""360"" frameborder=""0"" src=""https://mega.nz/embed/yktRgYAB#whCJfa6amI39BpTKU2Y9tZ1PFl-QhQgjiVcRtY7ry28"" allowfullscreen ></iframe>";https://mega.nz/file/yktRgYAB#whCJfa6amI39BpTKU2Y9tZ1PFl-QhQgjiVcRtY7ry28;https://mega.nz/file/y0NGiCJT#-QkMcUYblZeAoiNNUVZQTtt3j_1yJxSKNoIZLyO8H24;steve-fuegos-artificiales;https://fondosanimados.com/wp-content/uploads/2022/07/vlcsnap-2022-07-05-16h25m24s148-450x253.jpg
Grupo Día Tormentoso;Stranger Things;"<iframe width=""640"" height=""360"" frameborder=""0"" src=""https://mega.nz/embed/K99RHZiS#mF8wQLcNzMf7mw358DbvI_7-jkIkkQdGp6IF-u5X30A"" allowfullscreen ></iframe>";https://mega.nz/file/K99RHZiS#mF8wQLcNzMf7mw358DbvI_7-jkIkkQdGp6IF-u5X30A;https://mega.nz/file/bo9XSAZK#ZHyjL3PMqjNNoSbI5QsMwFrfiCU78UrEVlEnmeQ-vXQ;grupo-dia-tormentoso;https://fondosanimados.com/wp-content/uploads/2022/07/vlcsnap-2022-07-05-16h25m29s152-450x253.jpg
Poderes de Eleven;Stranger Things;"<iframe width=""640"" height=""360"" frameborder=""0"" src=""https://mega.nz/embed/mxF3gBqa#tAuBOgWHBgtdAA2Q0tT4BDtQOEMV4bTdqAW4p1ELDCM"" allowfullscreen ></iframe>";https://mega.nz/file/mxF3gBqa#tAuBOgWHBgtdAA2Q0tT4BDtQOEMV4bTdqAW4p1ELDCM;https://mega.nz/file/O51kVLCS#GqNnU847shcT-riECojnMABh_q8ws662Sgz07jl6Hoo;poderes-de-eleven;https://fondosanimados.com/wp-content/uploads/2022/07/vlcsnap-2022-07-05-16h25m38s107-450x253.jpg
Personajes y Actores;Stranger Things;"<iframe width=""640"" height=""360"" frameborder=""0"" src=""https://mega.nz/embed/awd3mbqA#RinfYmPfKiOzHssZVQUy5ddkYX6qlvYvi6cgZHciwZQ"" allowfullscreen ></iframe>";https://mega.nz/file/awd3mbqA#RinfYmPfKiOzHssZVQUy5ddkYX6qlvYvi6cgZHciwZQ;https://mega.nz/file/Xl12FRDR#9zlvNYjeU83dLhpQ4uoLtb9c3F4fEgYpQK9FTF6FC48;personajes-y-actores;https://fondosanimados.com/wp-content/uploads/2022/07/vlcsnap-2022-07-05-16h25m41s359-450x253.jpg
Una Salida Eleven;Stranger Things;"<iframe width=""640"" height=""360"" frameborder=""0"" src=""https://mega.nz/embed/qxcgAYCT#F0X3yF6vw8Rf5M7i4bwLArN5yzthSYDrTiECgrEewME"" allowfullscreen ></iframe>";https://mega.nz/file/qxcgAYCT#F0X3yF6vw8Rf5M7i4bwLArN5yzthSYDrTiECgrEewME;https://mega.nz/file/P5kGjJjC#VSAXHtFBiHG9eBsXOMSRoiKmaVr--08M8e56Qx1uUls;una-salida-eleven;https://fondosanimados.com/wp-content/uploads/2022/07/vlcsnap-2022-07-05-16h25m48s282-450x253.jpg
Temporada 3;Stranger Things;"<iframe width=""640"" height=""360"" frameborder=""0"" src=""https://mega.nz/embed/Xt1QgBxS#WnsJz_nKGd9Nzs1tcCCjKzyynSYyOccEpyZ3npb95VU"" allowfullscreen ></iframe>";https://mega.nz/file/Xt1QgBxS#WnsJz_nKGd9Nzs1tcCCjKzyynSYyOccEpyZ3npb95VU;https://mega.nz/file/r99BVZLT#NiEQaTxtrAkKgcM5FidEoNSoIZCtFjNjAWG2vI3Mu54;temporada-3;https://fondosanimados.com/wp-content/uploads/2022/07/vlcsnap-2022-07-05-16h25m50s753-450x253.jpg
Dustin Dibujo Animado;Stranger Things;"<iframe width=""640"" height=""360"" frameborder=""0"" src=""https://mega.nz/embed/H5tnSahY#Hn00nzhgiojAwPEnLO59m9_GHN-U_iRi_eqKmDicx5A"" allowfullscreen ></iframe>";https://mega.nz/file/H5tnSahY#Hn00nzhgiojAwPEnLO59m9_GHN-U_iRi_eqKmDicx5A;https://mega.nz/file/Wl9BWAIZ#m1qMmXvpo4K5iN0xjUXUki1h1FNke0KZXuvdRruqQg4;dustin-dibujo-animado;https://fondosanimados.com/wp-content/uploads/2022/07/vlcsnap-2022-07-05-16h25m55s303-450x253.jpg
Bosque Segunda Temporada;Stranger Things;"<iframe width=""640"" height=""360"" frameborder=""0"" src=""https://mega.nz/embed/2gUDHB4C#7vSDaqAPH5gigcT2CVU_XU1QdHMKz0Axua1aVsF-Kc0"" allowfullscreen ></iframe>";https://mega.nz/file/2gUDHB4C#7vSDaqAPH5gigcT2CVU_XU1QdHMKz0Axua1aVsF-Kc0;https://mega.nz/file/vtV0gLRA#izDiuIJCrTS6Jh29IYqHAfCieFqwdrltw2JeIGD9ric;bosque-segunda-temporada;https://fondosanimados.com/wp-content/uploads/2022/07/vlcsnap-2022-07-05-16h25m58s224-450x253.jpg
Demogorgon Partículas de Luz;Stranger Things;"<iframe width=""640"" height=""360"" frameborder=""0"" src=""https://mega.nz/embed/X51UhZ6b#r-5aiMilMCnzvyGXtON7xG27GVXXL3AQKH2iziA0f_U"" allowfullscreen ></iframe>";https://mega.nz/file/X51UhZ6b#r-5aiMilMCnzvyGXtON7xG27GVXXL3AQKH2iziA0f_U;https://mega.nz/file/y4MnRSQT#kQMqnnhP6-w-QkWvFHhudJYRvyWOqmrDbpxu7VnEdyE;demogorgon-particulas-de-luz;https://fondosanimados.com/wp-content/uploads/2022/07/vlcsnap-2022-07-05-16h26m00s826-450x253.jpg
Mileven;Stranger Things;"<iframe width=""640"" height=""360"" frameborder=""0"" src=""https://mega.nz/embed/O91kQJoK#fyY24LvmBb7nLvRRFE3D4_dGCLRILQW8HGbBszof37s"" allowfullscreen ></iframe>";https://mega.nz/file/O91kQJoK#fyY24LvmBb7nLvRRFE3D4_dGCLRILQW8HGbBszof37s;https://mega.nz/file/f1VRxAIA#Uva9t2WhRdBqmu6snTu3n1X0OkjPgSxjuGiZbBtoNV8;mileven;https://fondosanimados.com/wp-content/uploads/2022/07/vlcsnap-2022-07-05-16h26m08s534-450x253.jpg
Luna Llena y Logo Rojo;Stranger Things;"<iframe width=""640"" height=""360"" frameborder=""0"" src=""https://mega.nz/embed/msFgHboR#YnLg4pkokGK5aXfJ0PIjmZVcvwMZ4suRlUeSzmN4GX8"" allowfullscreen ></iframe>";https://mega.nz/file/msFgHboR#YnLg4pkokGK5aXfJ0PIjmZVcvwMZ4suRlUeSzmN4GX8;https://mega.nz/file/ak0ikIza#Q7F5tF0iKJ5VGNL1GiT4Lku44LBbQ6P8sABnDXmZAcY;luna-llena-y-logo-rojo;https://fondosanimados.com/wp-content/uploads/2022/07/vlcsnap-2022-07-05-16h26m11s047-450x253.jpg
Fortnite X;Stranger Things;"<iframe width=""640"" height=""360"" frameborder=""0"" src=""https://mega.nz/embed/vxchDZJA#Tt41mSjnpCE80HOagGFd3WpsQGfS-V7T0e0_CqybQ_4"" allowfullscreen ></iframe>";https://mega.nz/file/vxchDZJA#Tt41mSjnpCE80HOagGFd3WpsQGfS-V7T0e0_CqybQ_4;https://mega.nz/file/uxlGjS5D#wHXcYjjA8aiGwLUwxwypv_DVRhGgG16o8CuIUmc_Krw;fortnite-x;https://fondosanimados.com/wp-content/uploads/2022/07/vlcsnap-2022-07-05-16h26m15s164-450x253.jpg
Muertos ;Stranger Things;"<iframe width=""640"" height=""360"" frameborder=""0"" src=""https://mega.nz/embed/LsdDjSbZ#uqvhDc3T8hcsTZEVbZBq3bE2mJZrafEhKtq5RLliQwU"" allowfullscreen ></iframe>";https://mega.nz/file/LsdDjSbZ#uqvhDc3T8hcsTZEVbZBq3bE2mJZrafEhKtq5RLliQwU;https://mega.nz/file/3hUhhDra#nxMB_38QfSAfyquNakvpg2sB2VIeCzMVNqpuziinRfM;muertos;https://fondosanimados.com/wp-content/uploads/2022/07/vlcsnap-2022-07-05-16h26m17s694-450x253.jpg
Max Pose;Stranger Things;"<iframe width=""640"" height=""360"" frameborder=""0"" src=""https://mega.nz/embed/Shlh1CQA#c8JqqHoZ420OqRkggSj4GxaWNxkzfwqAzA6UXabkH4Y"" allowfullscreen ></iframe>";https://mega.nz/file/Shlh1CQA#c8JqqHoZ420OqRkggSj4GxaWNxkzfwqAzA6UXabkH4Y;https://mega.nz/file/Ks0UzIZb#TM86YqOqe6B5HjclBOH9AuHeWZTI8dShJ-4YW_PYhbw;max-pose;https://fondosanimados.com/wp-content/uploads/2022/07/vlcsnap-2022-07-05-16h26m20s127-450x253.jpg
Letras Neón y Azul Eléctrico;Stranger Things;"<iframe width=""640"" height=""360"" frameborder=""0"" src=""https://mega.nz/embed/OsFQATyZ#KAcJn3wc-OFlQMogXPOmPtszkVW937vAgRoNLZKZzPA"" allowfullscreen ></iframe>";https://mega.nz/file/OsFQATyZ#KAcJn3wc-OFlQMogXPOmPtszkVW937vAgRoNLZKZzPA;https://mega.nz/file/vk0AiQqZ#w_MpK3daZdtvj58gi1ZsMb66u0QjTfbZ16fGCWxBiCc;letras-neon-y-azul-electrico;https://fondosanimados.com/wp-content/uploads/2022/07/vlcsnap-2022-07-05-16h26m22s684-450x253.jpg
Max Cuarta Temporada;Stranger Things;"<iframe width=""640"" height=""360"" frameborder=""0"" src=""https://mega.nz/embed/qg0DgSRK#GyOlDgIPwDga9Nrolz7QzjpgxxeEJQnxNe4231Je8Sk"" allowfullscreen ></iframe>";https://mega.nz/file/qg0DgSRK#GyOlDgIPwDga9Nrolz7QzjpgxxeEJQnxNe4231Je8Sk;https://mega.nz/file/j0UBCThC#vdF_SrQLPLszRxDMnyiN9KrawnEekfzbqmmxQHitv5A;max-cuarta-temporada;https://fondosanimados.com/wp-content/uploads/2022/07/vlcsnap-2022-07-05-16h26m25s402-450x253.jpg
Eleven Estilo Artístico;Stranger Things;"<iframe width=""640"" height=""360"" frameborder=""0"" src=""https://mega.nz/embed/6w9iRL4Y#kpXFpNpG7qQbyJLLZpVJUq8vxAwqnQ9Oxeh_jRxhSZk"" allowfullscreen ></iframe>";https://mega.nz/file/6w9iRL4Y#kpXFpNpG7qQbyJLLZpVJUq8vxAwqnQ9Oxeh_jRxhSZk;https://mega.nz/file/vktwkTJA#vIyvXyRt7iwyUwGc7RoZKRlxat36sWROviTzoRW6C5g;eleven-estilo-artistico;https://fondosanimados.com/wp-content/uploads/2022/07/vlcsnap-2022-07-05-16h26m27s756-450x253.jpg
Bicicletas y Demogorgon;Stranger Things;"<iframe width=""640"" height=""360"" frameborder=""0"" src=""https://mega.nz/embed/D0sTXC6Y#0ayGK3hL5cZZW9NvnpgxzUVR_L1RTrIgGzO5FSzPm30"" allowfullscreen ></iframe>";https://mega.nz/file/D0sTXC6Y#0ayGK3hL5cZZW9NvnpgxzUVR_L1RTrIgGzO5FSzPm30;https://mega.nz/file/z59j0JwY#9dLcXKAXKx2NF0mzFNtXicwtmPzHYgeJLuMqr_DUR2Q;bicicletas-y-demogorgon;https://fondosanimados.com/wp-content/uploads/2022/07/vlcsnap-2022-07-05-16h26m30s633-450x253.jpg
Por los Aires;Stranger Things;"<iframe width=""640"" height=""360"" frameborder=""0"" src=""https://mega.nz/embed/mgtXRKbZ#odqEz8VjRrhxMiGJPmOxheCBGVWNwtsTyV7KdKGWh6Y"" allowfullscreen ></iframe>";https://mega.nz/file/mgtXRKbZ#odqEz8VjRrhxMiGJPmOxheCBGVWNwtsTyV7KdKGWh6Y;https://mega.nz/file/q8tGnKIB#F6YH4ircJrK293SN7ic9c9cvedEdIBtfilg7y3k0DRs;por-los-aires;https://fondosanimados.com/wp-content/uploads/2022/07/vlcsnap-2022-07-05-16h26m33s332-450x253.jpg
Carteles de la Ciudad;Stranger Things;"<iframe width=""640"" height=""360"" frameborder=""0"" src=""https://mega.nz/embed/atVXiTZT#mIOPrdGWFGDj87Re8g_98dx1HGjZOy-GO0rtbKTY3Y0"" allowfullscreen ></iframe>";https://mega.nz/file/atVXiTZT#mIOPrdGWFGDj87Re8g_98dx1HGjZOy-GO0rtbKTY3Y0;https://mega.nz/file/DkdHiQaJ#nk7n74K-GsFAdaLA8pEGLa-TN92nrhIvnIWXelInhAo;carteles-de-la-ciudad;https://fondosanimados.com/wp-content/uploads/2022/07/vlcsnap-2022-07-05-16h26m35s952-450x253.jpg
Mano de Eleven;Stranger Things;"<iframe width=""640"" height=""360"" frameborder=""0"" src=""https://mega.nz/embed/P4FClQSa#xc1IdGlGuWW5AufvzjYXgeusUIb2NGzCsLmFSlGu8E0"" allowfullscreen ></iframe>";https://mega.nz/file/P4FClQSa#xc1IdGlGuWW5AufvzjYXgeusUIb2NGzCsLmFSlGu8E0;https://mega.nz/file/WwUnSYTZ#KFliopp4XYTImeFLzgMvMqTDOvf_0ibRUTRTPu9zmD4;mano-de-eleven;https://fondosanimados.com/wp-content/uploads/2022/07/vlcsnap-2022-07-05-16h26m38s318-450x253.jpg
Eleven Fuegos Artificiales;Stranger Things;"<iframe width=""640"" height=""360"" frameborder=""0"" src=""https://mega.nz/embed/To1yURpZ#hwOyPNitXtWXp67lvlYbWp-8f6YLJCQek7S4Xc1mTDw"" allowfullscreen ></iframe>";https://mega.nz/file/To1yURpZ#hwOyPNitXtWXp67lvlYbWp-8f6YLJCQek7S4Xc1mTDw;https://mega.nz/file/r5UCBbYB#jwdlJgi_30LPZPX-7nbGQeBHWV9hfqxuvwjjYegSPE4;eleven-fuegos-artificiales;https://fondosanimados.com/wp-content/uploads/2022/07/vlcsnap-2022-07-05-16h26m42s886-450x253.jpg
Cartel de los Personajes;Stranger Things;"<iframe width=""640"" height=""360"" frameborder=""0"" src=""https://mega.nz/embed/60snxRxI#ALq4XG5055WoZugJ3t2cmLaZihFmGVBJT-rA1rRNg0M"" allowfullscreen ></iframe>";https://mega.nz/file/60snxRxI#ALq4XG5055WoZugJ3t2cmLaZihFmGVBJT-rA1rRNg0M;https://mega.nz/file/y1clXByC#lCxqr6hqt6PaLBvUvHpPDO-oyNwbpvSzP3RQFLi8nZ8;cartel-de-los-personajes;https://fondosanimados.com/wp-content/uploads/2022/07/vlcsnap-2022-07-05-16h26m47s488-450x253.jpg
Bicicletas y Linternas Bosque;Stranger Things;"<iframe width=""640"" height=""360"" frameborder=""0"" src=""https://mega.nz/embed/3t0kBJSR#ZSriBfb4TSMgs_wmdZionsZoTTFZmJZgFYn3c2MdpBU"" allowfullscreen ></iframe>";https://mega.nz/file/3t0kBJSR#ZSriBfb4TSMgs_wmdZionsZoTTFZmJZgFYn3c2MdpBU;https://mega.nz/file/uklCQQJZ#18V1KiLtyBKdJUznidC_popvFct4URbqbEabwcKEtJo;bicicletas-y-linternas-bosque;https://fondosanimados.com/wp-content/uploads/2022/07/vlcsnap-2022-07-05-16h26m52s089-450x253.jpg
Letras con Bombillas;Stranger Things;"<iframe width=""640"" height=""360"" frameborder=""0"" src=""https://mega.nz/embed/259HhYAZ#KSlVrzMS9dU2_euFxCc5rpPBxjUkv_-OFjK1Sv2W4w0"" allowfullscreen ></iframe>";https://mega.nz/file/259HhYAZ#KSlVrzMS9dU2_euFxCc5rpPBxjUkv_-OFjK1Sv2W4w0;https://mega.nz/file/D0NHiSiQ#dMy1Hn8guIyWVLlMj7ZTrO5kKF0aRdfVhkL0sAPvOrU;letras-con-bombillas;https://fondosanimados.com/wp-content/uploads/2022/07/vlcsnap-2022-07-05-16h26m54s688-450x253.jpg
Max Riendo;Stranger Things;"<iframe width=""640"" height=""360"" frameborder=""0"" src=""https://mega.nz/embed/K8MnHLBC#tO6s19c399y7arttPN2m_18NIjEord8yn0InQyOqu74"" allowfullscreen ></iframe>";https://mega.nz/file/K8MnHLBC#tO6s19c399y7arttPN2m_18NIjEord8yn0InQyOqu74;https://mega.nz/file/2pcDhbyL#ppZkVKMZPw9eM5OQzIUfAbDsaJ9vuTJaPMU28H43lFk;max-riendo;https://fondosanimados.com/wp-content/uploads/2022/07/vlcsnap-2022-07-05-16h26m58s334-450x253.jpg
Título con Letras Rojas Neón;Stranger Things;"<iframe width=""640"" height=""360"" frameborder=""0"" src=""https://mega.nz/embed/josUkAjb#eU5wIHQBd2GcOwlEzdfUvYLQebk7JjS6AdqeQZmsWRg"" allowfullscreen ></iframe>";https://mega.nz/file/josUkAjb#eU5wIHQBd2GcOwlEzdfUvYLQebk7JjS6AdqeQZmsWRg;https://mega.nz/file/C4MRRKzb#fVfrRfwMqEQ2OaCMPHsCeCFcZIOytcdSdpiFrXRAhNE;titulo-con-letras-rojas-neon;https://fondosanimados.com/wp-content/uploads/2022/07/vlcsnap-2022-07-05-16h27m00s843-450x253.jpg
Mike y Eleven;Stranger Things;"<iframe width=""640"" height=""360"" frameborder=""0"" src=""https://mega.nz/embed/W09QVKhJ#78TFqCW5flWXpnHa_FeCQigHBUJODwD8nAXWk1YC3IU"" allowfullscreen ></iframe>";https://mega.nz/file/W09QVKhJ#78TFqCW5flWXpnHa_FeCQigHBUJODwD8nAXWk1YC3IU;https://mega.nz/file/Ck9kETzb#5LbsKzUWo119ec4YUsQyB9oFaDe5fjZe2aSAhOgzcXU;mike-y-eleven;https://fondosanimados.com/wp-content/uploads/2022/07/vlcsnap-2022-07-05-16h27m03s141-450x253.jpg
Furgoneta Hawkins;Stranger Things;"<iframe width=""640"" height=""360"" frameborder=""0"" src=""https://mega.nz/embed/egkTRJhY#SrzS3e3VHl760rmNaSgRSXShel33yIOlfEmi0KsdpmQ"" allowfullscreen ></iframe>";https://mega.nz/file/egkTRJhY#SrzS3e3VHl760rmNaSgRSXShel33yIOlfEmi0KsdpmQ;https://mega.nz/file/6s0jiThZ#RvYESUiKknKrPHarmaVoivUSpvH_Zgxpx9N5LYWWNt0;furgoneta-hawkins;https://fondosanimados.com/wp-content/uploads/2022/07/vlcsnap-2022-07-05-16h27m05s354-450x253.jpg
Eleven de Cerca;Stranger Things;"<iframe width=""640"" height=""360"" frameborder=""0"" src=""https://mega.nz/embed/atESDKAI#cGXTDY1UrhIKqNhOk-eqnfjqMQQp47F-N8trYwq5AxM"" allowfullscreen ></iframe>";https://mega.nz/file/atESDKAI#cGXTDY1UrhIKqNhOk-eqnfjqMQQp47F-N8trYwq5AxM;https://mega.nz/file/LlEX0YiS#uM4YXhy8TQzCIdllQ-vJEU20O55_nPwEqMdaQDOLzhg;eleven-de-cerca;https://fondosanimados.com/wp-content/uploads/2022/07/vlcsnap-2022-07-05-16h27m07s823-450x253.jpg
Con el Hacha y Personajes;Stranger Things;"<iframe width=""640"" height=""360"" frameborder=""0"" src=""https://mega.nz/embed/igkDQC4Y#EjIV7CHmSLeFYhm7n6T73d52hgpaFS0fZKui64FX6oY"" allowfullscreen ></iframe>";https://mega.nz/file/igkDQC4Y#EjIV7CHmSLeFYhm7n6T73d52hgpaFS0fZKui64FX6oY;https://mega.nz/file/GoE3XTgB#A1NyWHeapmnto57oLg5QiSc_GAVr0CcoinFiBxeGoOw;con-el-hacha-y-personajes;https://fondosanimados.com/wp-content/uploads/2022/07/vlcsnap-2022-07-05-16h27m10s267-450x253.jpg
Linternas y Niebla;Stranger Things;"<iframe width=""640"" height=""360"" frameborder=""0"" src=""https://mega.nz/embed/e1cnwAJS#zfcak3kT_ELnI1eWwaPxQ9QB3Pm1K9zAEByYquE02sc"" allowfullscreen ></iframe>";https://mega.nz/file/e1cnwAJS#zfcak3kT_ELnI1eWwaPxQ9QB3Pm1K9zAEByYquE02sc;https://mega.nz/file/3513RBBI#SVmtfRzexwgP48ZNTuSCyjJCDxzYnx2TFm1JcL-PdCA;linternas-y-niebla;https://fondosanimados.com/wp-content/uploads/2022/07/vlcsnap-2022-07-05-16h27m43s668-450x253.jpg
Estilo Juego Retro;Stranger Things;"<iframe width=""640"" height=""360"" frameborder=""0"" src=""https://mega.nz/embed/vgVRATxT#YUwkTWUyStB1hfY75AVvS0owRgWF82YjfSZJdZjPTBo"" allowfullscreen ></iframe>";https://mega.nz/file/vgVRATxT#YUwkTWUyStB1hfY75AVvS0owRgWF82YjfSZJdZjPTBo;https://mega.nz/file/u9VRCarC#8L8yJBc2Z21WnRY50uT1V7ToP4_YHIlXMxUYHpATYYM;estilo-juego-retro;https://fondosanimados.com/wp-content/uploads/2022/07/vlcsnap-2022-07-05-16h27m46s397-450x253.jpg
Mike y Eleven Tercera Temporada;Stranger Things;"<iframe width=""640"" height=""360"" frameborder=""0"" src=""https://mega.nz/embed/21tCnTqa#Zux-lCUWzrN_kuDZPuKR9pXHUat-eP4YYsxvTvohvcU"" allowfullscreen ></iframe>";https://mega.nz/file/21tCnTqa#Zux-lCUWzrN_kuDZPuKR9pXHUat-eP4YYsxvTvohvcU;https://mega.nz/file/3osCWbwa#jZhlGqhe7vyIesO_nTOvVqBDuOOit9isMIzSvKAL71I;mike-y-eleven-tercera-temporada;https://fondosanimados.com/wp-content/uploads/2022/07/vlcsnap-2022-07-05-16h27m49s060-450x253.jpg
Steve Cruzado de Brazos;Stranger Things;"<iframe width=""640"" height=""360"" frameborder=""0"" src=""https://mega.nz/embed/Gg8EQSTY#dIdkQkMUZKLblpXGtRv85aVyn0btLecnbAsw71DIvPs"" allowfullscreen ></iframe>";https://mega.nz/file/Gg8EQSTY#dIdkQkMUZKLblpXGtRv85aVyn0btLecnbAsw71DIvPs;https://mega.nz/file/qpFWmQSA#oK_tB0Y5bt5D5JGn0l4F5i73hBqLO1Yfq4lccB9lieU;steve-cruzado-de-brazos;https://fondosanimados.com/wp-content/uploads/2022/07/vlcsnap-2022-07-05-16h27m51s466-450x253.jpg
Personajes Luz Naranja;Stranger Things;"<iframe width=""640"" height=""360"" frameborder=""0"" src=""https://mega.nz/embed/rpFhRIRS#RI2Ipnc3te1AjmGMHzH-ke-kFSn9NB_iYOhwqOH5ay4"" allowfullscreen ></iframe>";https://mega.nz/file/rpFhRIRS#RI2Ipnc3te1AjmGMHzH-ke-kFSn9NB_iYOhwqOH5ay4;https://mega.nz/file/KoMRHAxS#s0v1wpmffGIGgIdTYGVwZcEjxQgBO3vNkrx78lrcBLY;personajes-luz-naranja;https://fondosanimados.com/wp-content/uploads/2022/07/vlcsnap-2022-07-05-16h27m58s549-450x253.jpg
Eleven Poderosa Dibujo;Stranger Things;"<iframe width=""640"" height=""360"" frameborder=""0"" src=""https://mega.nz/embed/W80kGSjC#qqTrG27PnI6anHR9k2p2gWQ0gp4drDyZBocNfR6eDcI"" allowfullscreen ></iframe>";https://mega.nz/file/W80kGSjC#qqTrG27PnI6anHR9k2p2gWQ0gp4drDyZBocNfR6eDcI;https://mega.nz/file/T8k1QRIC#TAvDC82FTIlfeaRMn3kyKwz2p4MIxbZUE0775E4a454;eleven-poderosa-dibujo;https://fondosanimados.com/wp-content/uploads/2022/07/vlcsnap-2022-07-05-16h28m01s399-450x253.jpg
Cielo Temporada 2;Stranger Things;"<iframe width=""640"" height=""360"" frameborder=""0"" src=""https://mega.nz/embed/2hEEGCKT#OExSDutqIG_22vXmRowDk03X3ZqSq1UWxdZmvMvTbF4"" allowfullscreen ></iframe>";https://mega.nz/file/2hEEGCKT#OExSDutqIG_22vXmRowDk03X3ZqSq1UWxdZmvMvTbF4;https://mega.nz/file/SwdDDIZC#w0RkB6eu2dW874GNzsV_Rr3PsXZb0VowEex_fRHDbCU;cielo-temporada-2;https://fondosanimados.com/wp-content/uploads/2022/07/vlcsnap-2022-07-05-16h28m04s140-450x253.jpg
Cartel de la Serie;Stranger Things;"<iframe width=""640"" height=""360"" frameborder=""0"" src=""https://mega.nz/embed/apM1RZiY#S5HbPEa63AiP2UlsMvE_DnWWXwU1xLXVLEf8zkcdFds"" allowfullscreen ></iframe>";https://mega.nz/file/apM1RZiY#S5HbPEa63AiP2UlsMvE_DnWWXwU1xLXVLEf8zkcdFds;https://mega.nz/file/P50XyLKQ#iMHyVM9Ucoof1qrzk5B4uIZ8tK7l6Q7aGpLIsKAJ_cY;cartel-de-la-serie;https://fondosanimados.com/wp-content/uploads/2022/07/vlcsnap-2022-07-05-16h28m06s849-450x253.jpg
Estilo Dibujado;Stranger Things;"<iframe width=""640"" height=""360"" frameborder=""0"" src=""https://mega.nz/embed/mt0CBTza#WiN0fIpFVGiEfN_q_RTaRXPHR555Cue_KjiMBiAvJHg"" allowfullscreen ></iframe>";https://mega.nz/file/mt0CBTza#WiN0fIpFVGiEfN_q_RTaRXPHR555Cue_KjiMBiAvJHg;https://mega.nz/file/P9FnibaI#HIu_NPeBd4tXQkVOGaBp86S_vOMO7kJA1fr0NAR0VF8;estilo-dibujado;https://fondosanimados.com/wp-content/uploads/2022/07/vlcsnap-2022-07-05-16h28m09s755-450x253.jpg
Cielo Rojizo y Nubes;Stranger Things;"<iframe width=""640"" height=""360"" frameborder=""0"" src=""https://mega.nz/embed/SscHmKqb#_pRh0Dvh_uxyMTaYWVkZDEyM2wJ0O7eUcpCgKMKN0iQ"" allowfullscreen ></iframe>";https://mega.nz/file/SscHmKqb#_pRh0Dvh_uxyMTaYWVkZDEyM2wJ0O7eUcpCgKMKN0iQ;https://mega.nz/file/Dl8EmaxK#5kX4V5rv8E3kkTwepczL9ktmS68Mt7pBvSeK0FWvTPA;cielo-rojizo-y-nubes;https://fondosanimados.com/wp-content/uploads/2022/07/vlcsnap-2022-07-05-16h28m12s548-450x253.jpg
Eleven Color Lila;Stranger Things;"<iframe width=""640"" height=""360"" frameborder=""0"" src=""https://mega.nz/embed/i0kGiAzI#ebstoT_6KpiF-IViVmulKSG_gF2RG0fLsTSqmQoDcRw"" allowfullscreen ></iframe>";https://mega.nz/file/i0kGiAzI#ebstoT_6KpiF-IViVmulKSG_gF2RG0fLsTSqmQoDcRw;https://mega.nz/file/bpM3DaKC#U3xtss-IAXFqtvkWRSj83329g_H58YFyA3jRYbuZlTo;eleven-color-lila;https://fondosanimados.com/wp-content/uploads/2022/07/vlcsnap-2022-07-05-16h28m18s549-450x253.jpg
Personajes Principales;Stranger Things;"<iframe width=""640"" height=""360"" frameborder=""0"" src=""https://mega.nz/embed/DtlEVLCR#23CEFklJZlT64l0m9VK5b-YqsnhhOYcmsc7FH7x9Jr8"" allowfullscreen ></iframe>";https://mega.nz/file/DtlEVLCR#23CEFklJZlT64l0m9VK5b-YqsnhhOYcmsc7FH7x9Jr8;https://mega.nz/file/L0UzkBoJ#kX7rBYXDSYw3aW0iyLPhguaAGxw5f-FbBrM-nqW0wts;personajes-principales;https://fondosanimados.com/wp-content/uploads/2022/07/vlcsnap-2022-07-05-16h28m21s452-450x253.jpg
Liternas, Bicicletas y Lluvia;Stranger Things;"<iframe width=""640"" height=""360"" frameborder=""0"" src=""https://mega.nz/embed/G8MCxIpA#7Gl24-sAX4OmJdc1FSX8oW5P_jSYHt-rnApVQp63xJM"" allowfullscreen ></iframe>";https://mega.nz/file/G8MCxIpA#7Gl24-sAX4OmJdc1FSX8oW5P_jSYHt-rnApVQp63xJM;https://mega.nz/file/n98xXTIB#Yu1l-Nj34-khTwwuv9olEbaIrkInqnJqeR3RwmjfgxE;liternas-bicicletas-y-lluvia;https://fondosanimados.com/wp-content/uploads/2022/07/vlcsnap-2022-07-05-16h28m30s254-450x253.jpg
Letras en el Bosque Extraño;Stranger Things;"<iframe width=""640"" height=""360"" frameborder=""0"" src=""https://mega.nz/embed/2sshHaRY#_LuBRl5UwHo6omxM-Az1vOfYKtp5h-eUFTs744AxriE"" allowfullscreen ></iframe>";https://mega.nz/file/2sshHaRY#_LuBRl5UwHo6omxM-Az1vOfYKtp5h-eUFTs744AxriE;https://mega.nz/file/C9khnAZY#J0rCZTMelTcLaEPXRsYE17tK3FNDjspoHHOG3G3EfR8;letras-en-el-bosque-extrano;https://fondosanimados.com/wp-content/uploads/2022/07/vlcsnap-2022-07-05-16h28m34s708-450x253.jpg
