"nombrepost","nombrecategoria","iframeyoutube","linkdescarga PC","linkdescarga MOVIL","permalink"," foto PC","foto móvil"
"Árboles nieve","Naturaleza","<iframe width=""640"" height=""360"" frameborder=""0"" src=""https://mega.nz/embed/gPtW0awA#jYIHDJMNh8CRZQojzcMtXtj8fsJH-jvMkcEHDOEJ7g4"" allowfullscreen ></iframe>","https://mega.nz/file/gPtW0awA#jYIHDJMNh8CRZQojzcMtXtj8fsJH-jvMkcEHDOEJ7g4","https://mega.nz/file/YXdjRJBa#0btVlRbq2dL7I68I86XKpLHFt_EfLX5xa8auCnSt7bA","arboles-nieve","https://fondosanimados.com/wp-content/uploads/2022/07/Arboles-nieve_Moment-1920x1080.jpg","https://fondosanimados.com/wp-content/uploads/2022/07/Arboles-nieve-online-video-cutter.com_Moment-608x1080.jpg"
"Bosque ","Naturaleza","<iframe width=""640"" height=""360"" frameborder=""0"" src=""https://mega.nz/embed/1GFn0RgD#SfD3G03qO691hdjGDr7UHhyiO6inExFw2RDhHfS4YDE"" allowfullscreen ></iframe>","https://mega.nz/file/1GFn0RgD#SfD3G03qO691hdjGDr7UHhyiO6inExFw2RDhHfS4YDE","https://mega.nz/file/9bEwiDyJ#cs9aMQumqZJtHRRuxXC15g0KjeWwLtudXeZcVwDdlJY","bosque","https://fondosanimados.com/wp-content/uploads/2022/07/Bosque-00_Moment-1920x1080.jpg","https://fondosanimados.com/wp-content/uploads/2022/07/Bosque-00-online-video-cutter.com_Moment-608x1080.jpg"
"Bosque frondoso","Naturaleza","<iframe width=""640"" height=""360"" frameborder=""0"" src=""https://mega.nz/embed/tHlyySIJ#A-0c1UP0ER8fpizTTnYhcCEyDE-rfnFTB7UlwAF8TSk"" allowfullscreen ></iframe>","https://mega.nz/file/tHlyySIJ#A-0c1UP0ER8fpizTTnYhcCEyDE-rfnFTB7UlwAF8TSk","https://mega.nz/file/gLklRJYI#x3mj-PdV57qbJmbY0AEMABuYSpUcqIi1X2fvb3mQ-Lg","bosque-frondoso","https://fondosanimados.com/wp-content/uploads/2022/07/Bosque-01_Moment-1920x1080.jpg","https://fondosanimados.com/wp-content/uploads/2022/07/Bosque-01-online-video-cutter.com_Moment-608x1080.jpg"
"Valle nevado","Naturaleza","<iframe width=""640"" height=""360"" frameborder=""0"" src=""https://mega.nz/embed/8fMiCQjA#rhlD32EaR3Eu4b1nvriciyWioNYExxLRR6fZ-tTBnoU"" allowfullscreen ></iframe>","https://mega.nz/file/8fMiCQjA#rhlD32EaR3Eu4b1nvriciyWioNYExxLRR6fZ-tTBnoU","https://mega.nz/file/dOsEkBbR#RRsXpDZ7NpxDtSNmkzSdpC9PpqeGNNJ7NZoCuPAC_OA","valle-nevado","https://fondosanimados.com/wp-content/uploads/2022/07/Bosque-02_Moment-1920x1080.jpg","https://fondosanimados.com/wp-content/uploads/2022/07/Bosque-02-online-video-cutter.com_Moment-608x1080.jpg"
"Bosque niebla","Naturaleza","<iframe width=""640"" height=""360"" frameborder=""0"" src=""https://mega.nz/embed/Qa0VzBJZ#ehs-djDAA3E7oGAFRP8D8I-NNLs2YRLr6QOwnV4yH70"" allowfullscreen ></iframe>","https://mega.nz/file/Qa0VzBJZ#ehs-djDAA3E7oGAFRP8D8I-NNLs2YRLr6QOwnV4yH70","https://mega.nz/file/Qb9SWAAI#nGPLdnQQAipsKF6TGxAjvxxriCBIno-Vnq2d0zWFM_U","bosque-niebla","https://fondosanimados.com/wp-content/uploads/2022/07/Bosque-03_Moment-1920x1080.jpg","https://fondosanimados.com/wp-content/uploads/2022/07/Bosque-03-online-video-cutter.com_Moment-608x1080.jpg"
"Pueblo montaña","Naturaleza","<iframe width=""640"" height=""360"" frameborder=""0"" src=""https://mega.nz/embed/EfdDDBSJ#7pbfU_NEyt9CFzqGcIhC4COTtxcEirNNnCwLnfPS0f8"" allowfullscreen ></iframe>","https://mega.nz/file/EfdDDBSJ#7pbfU_NEyt9CFzqGcIhC4COTtxcEirNNnCwLnfPS0f8","https://mega.nz/file/QXVgGLLB#j1YpOqBG0xlRBGT_03_o5yPG8XfARYdmZXDYQDPGNkE","pueblo-montana","https://fondosanimados.com/wp-content/uploads/2022/07/Bosque-04_Moment-1920x1080.jpg","https://fondosanimados.com/wp-content/uploads/2022/07/Bosque-04-online-video-cutter.com_Moment-608x1080.jpg"
"Lago niebla","Naturaleza","<iframe width=""640"" height=""360"" frameborder=""0"" src=""https://mega.nz/embed/1PFmWYIK#GEfOdWU59H-DM9vS8TW-UCBEY0xYKFPKutCRpDmlr2s"" allowfullscreen ></iframe>","https://mega.nz/file/1PFmWYIK#GEfOdWU59H-DM9vS8TW-UCBEY0xYKFPKutCRpDmlr2s","https://mega.nz/file/BPNzXYIK#9eE_UF6FJVk4TkoWcoQSQl83JcMqRGdC7fIQWEqH9Dk","lago-niebla","https://fondosanimados.com/wp-content/uploads/2022/07/Bosque-05_Moment-1920x1080.jpg","https://fondosanimados.com/wp-content/uploads/2022/07/Bosque-05-online-video-cutter.com_Moment-608x1080.jpg"
"Paraje montañoso","Naturaleza","<iframe width=""640"" height=""360"" frameborder=""0"" src=""https://mega.nz/embed/FO8kBSxQ#cEEWgI1geHRD4i3CSPniseHF5ITdGTXLfwI9VYdLtUc"" allowfullscreen ></iframe>","https://mega.nz/file/FO8kBSxQ#cEEWgI1geHRD4i3CSPniseHF5ITdGTXLfwI9VYdLtUc","https://mega.nz/file/4aN2mTiI#pEQXecSY4MyuzqrIc9hm5h8vMSe8O46TmrE36Uh8g6E","paraje-montanoso","https://fondosanimados.com/wp-content/uploads/2022/07/Bosque-06_Moment-1920x1080.jpg","https://fondosanimados.com/wp-content/uploads/2022/07/Bosque-06-online-video-cutter.com_Moment-608x1080.jpg"
"Atardecer en bosque","Naturaleza","<iframe width=""640"" height=""360"" frameborder=""0"" src=""https://mega.nz/embed/RKkSBIaT#2Z8p0P9Di9veg_TQu2VilRtpFymRbfcmN-ksWFJgNu0"" allowfullscreen ></iframe>","https://mega.nz/file/RKkSBIaT#2Z8p0P9Di9veg_TQu2VilRtpFymRbfcmN-ksWFJgNu0","https://mega.nz/file/0TtBASha#SN2foFxvrC-w65PRLw2N2kSc172i0wSwM4WgydJZRfE","atardecer-en-bosque","https://fondosanimados.com/wp-content/uploads/2022/07/Bosque-07_Moment-1920x1080.jpg","https://fondosanimados.com/wp-content/uploads/2022/07/Bosque-07-online-video-cutter.com_Moment-608x1080.jpg"
"Bosque vista dron","Naturaleza","<iframe width=""640"" height=""360"" frameborder=""0"" src=""https://mega.nz/embed/wflAmIZJ#iFztrkDvCkR2Xz3ZKyRWlINHlr8ddB1D4M8tWBYvwuk"" allowfullscreen ></iframe>","https://mega.nz/file/wflAmIZJ#iFztrkDvCkR2Xz3ZKyRWlINHlr8ddB1D4M8tWBYvwuk","https://mega.nz/file/tbEBRCYB#afkd3znVyunU58J-i_QvYRdDgBjvNoNnGKXNlb0Ii8I","bosque-vista-dron","https://fondosanimados.com/wp-content/uploads/2022/07/Bosque-08_Moment-1920x1080.jpg","https://fondosanimados.com/wp-content/uploads/2022/07/Bosque-08-online-video-cutter.com_Moment-608x1080.jpg"
