titulo;nombre;archivos;engine;categoria
Android 18 Chill;Android 18;android-18-chill-wallpaper;https://steamcommunity.com/sharedfiles/filedetails/?id=2302121740;Dragon Ball
Android 18;Android 18;android-18-dragon-ball-z-wallpaper;https://steamcommunity.com/sharedfiles/filedetails/?id=2324917461;Dragon Ball
Android 18;Android 18;android-18-fight-wallpaper;https://steamcommunity.com/sharedfiles/filedetails/?id=2267631954;Dragon Ball
Cloud;Cloud;dragon-ball-cloud-wallpaper;https://steamcommunity.com/sharedfiles/filedetails/?id=1440559245;Dragon Ball
Walk;Walk;dragon-ball-walk-wallpaper;https://steamcommunity.com/sharedfiles/filedetails/?id=1673006916;Dragon Ball
Tournament;Tournament;dragon-ball-z-tournament;https://steamcommunity.com/sharedfiles/filedetails/?id=2302908522;Dragon Ball
Gogeta;Gogeta;gogeta-cybust-wallpaper;https://steamcommunity.com/sharedfiles/filedetails/?id=2767448529;Dragon Ball
Gohan;Gohan;gohan-dragon-ball-wallpaper;https://steamcommunity.com/sharedfiles/filedetails/?id=2637316630;Dragon Ball
Gohan SSJ1;Gohan SSJ2;gohan-ssj2-wallpaper;https://steamcommunity.com/sharedfiles/filedetails/?id=2449578435;Dragon Ball
Goku and Shenron;Goku and Shenron;goku-and-shenron-dragon-ball-wallpaper;https://steamcommunity.com/sharedfiles/filedetails/?id=2767448529;Dragon Ball
Goku Black;Goku;goku-black-wallpaper;https://steamcommunity.com/sharedfiles/filedetails/?id=2481641707;Dragon Ball
Goku;Goku;goku-dragon-ball-wallpaper;https://steamcommunity.com/sharedfiles/filedetails/?id=2273420603;Dragon Ball
Goku House;Goku;goku-house-wallpaper;https://steamcommunity.com/sharedfiles/filedetails/?id=2280091631;Dragon Ball
Goku;Goku;goku-wallpaper;https://steamcommunity.com/sharedfiles/filedetails/?id=2160394118;Dragon Ball
Kame House;Kame House;kame-house-dragon-ball-wallpaper;https://steamcommunity.com/sharedfiles/filedetails/?id=1704282812;Dragon Ball
Minimal Dragon Ball;Minimal Dragon Ball;minimal-dragon-ball-wallpaper;https://steamcommunity.com/sharedfiles/filedetails/?id=2441324846;Dragon Ball
Broly;Broly;nroli-wallpaper;https://steamcommunity.com/sharedfiles/filedetails/?id=2556510842;Dragon Ball
Goku;Goku;son-goku-dragon-ball-super-wallpaper;https://steamcommunity.com/sharedfiles/filedetails/?id=2075873107;Dragon Ball
SSJ4 Gogeta;SSJ4 Gogeta;ssj4-gogeta-wallpaper;https://steamcommunity.com/sharedfiles/filedetails/?id=2502926668;Dragon Ball
Goku SSJB Kaioken ;Goku SSJB Kaioken ;ssjb-kaioken-goku-wallpaper;https://steamcommunity.com/sharedfiles/filedetails/?id=2780308362;Dragon Ball
Super Gogeta;Super Gogeta;super-gogeta-wallpaper;https://steamcommunity.com/sharedfiles/filedetails/?id=2692987963;Dragon Ball
Super Saiyan Goku;Super Saiyan Goku;super-saiyan-goku-db-legends-wallpaper;https://steamcommunity.com/sharedfiles/filedetails/?id=2443727263;Dragon Ball
Ultra Instinct Goku 1;Ultra Instinct Goku;ultra-instinct-goku-wallpaper;https://steamcommunity.com/sharedfiles/filedetails/?id=2099545670;Dragon Ball
Ultra Instinct Goku 2;Ultra Instinct Goku;ultra-instinct-goku;https://steamcommunity.com/sharedfiles/filedetails/?id=2306945860;Dragon Ball
