titulo;nombre;archivos;engine;categoria;video
Minecraft Wither;Minecraft Wither;minecraft-wither-wallpaper;https://steamcommunity.com/sharedfiles/filedetails/?id=2020381859;Minecraft;
Minecraft Dungeons;Minecraft Dungeons;minecraft-dungeons-wallpaper;https://steamcommunity.com/sharedfiles/filedetails/?id=2594184570;Minecraft;
Aesthetic Clouds Pink;Aesthetic Clouds Pink;aesthetic-clouds-pink;https://steamcommunity.com/sharedfiles/filedetails/?id=2547630190;Aesthetic;NSMnFurt
Aesthetic Pool;Aesthetic Pool;aesthetic-pool-wallpaper;https://steamcommunity.com/sharedfiles/filedetails/?id=1999619470;Aesthetic;5KUiyTtP
Aesthetic Purple Car;Aesthetic Purple Car;aesthetic-purple-car-wallpaper;https://steamcommunity.com/sharedfiles/filedetails/?id=2528513891;Aesthetic;buRBI2o9
Aesthetic Relaxing View;Aesthetic Relaxing View;aesthetic-relaxing-view;https://steamcommunity.com/sharedfiles/filedetails/?id=2830669689;Aesthetic;O911IDIK
Aesthetic Rings;Aesthetic Rings;aesthetic-rings-wallpaper;https://steamcommunity.com/sharedfiles/filedetails/?id=2622516442;Aesthetic;YyDkzt9Y
Aesthetic Space Girl;Aesthetic Space Girl;aesthetic-space-girl-wallpaper;https://steamcommunity.com/sharedfiles/filedetails/?id=2717252181;Aesthetic;ASkj3YbV
Aesthetic Tree Surrounded By Water;Aesthetic Tree Surrounded By Water;aesthetic-tree-surrounded-by-water;https://steamcommunity.com/sharedfiles/filedetails/?id=2564817128;Aesthetic;scjkkXtQ
Alexelcapo Starting Soon;Alexelcapo Starting Soon;alexelcapo-starting-soon-wallpaper;https://steamcommunity.com/sharedfiles/filedetails/?id=2688874031;Pixel Art;wYWK5hkA
Ancient Skull;Ancient Skull;ancient-skull-wallpaper;https://steamcommunity.com/sharedfiles/filedetails/?id=1199910952;Fantasia;cDv6l1gi
Animal Instinct;Animal Instinct;animal-instinct-wallpaper;https://steamcommunity.com/sharedfiles/filedetails/?id=1412652453;PENDIENTE;oE62QGRV
Animated Legends;Animated Legends;animated-legends-wallpaper;https://steamcommunity.com/sharedfiles/filedetails/?id=2487498213;The Simpsons;5qBlLZiY
Anime Landscape;Anime Landscape;anime-landscape-wallpaper;https://steamcommunity.com/sharedfiles/filedetails/?id=2789098769;PENDIENTE;iuJCjfim
Anomaly By Visualdon;Anomaly;anomaly-by-visualdon-wallpaper;https://steamcommunity.com/sharedfiles/filedetails/?id=1851602703;PENDIENTE;rotgfuq3
Apex Legends Bloodhound Wraith Lifeline;Apex Legends Bloodhound Wraith Lifeline;apex-legends-bloodhound-wraith-lifeline;https://steamcommunity.com/sharedfiles/filedetails/?id=1667726546;Apex Legends;7dWwTL7a
Apex Legends Champion;Apex Legends Champion;apex-legends-champion-wallpaper;https://steamcommunity.com/sharedfiles/filedetails/?id=2511480924;Apex Legends;bNnjTsRz
Apex Legends Fanart;Apex Legends Fanart;apex-legends-fanart-wallpaper;https://steamcommunity.com/sharedfiles/filedetails/?id=2189278039;Apex Legends;Yq59cfI5
Apex Legends The Reunion;Apex Legends The Reunion;apex-legends-the-reunion-wallpaper;https://steamcommunity.com/sharedfiles/filedetails/?id=2791560716;Apex Legends;Nks09YwB
Asajj Ventress Clone Wars;Asajj Ventress Clone Wars;asajj-ventress-clone-wars-wallpaper;https://steamcommunity.com/sharedfiles/filedetails/?id=2742859305;Star Wars;lyW20UNx
Ash Apex Legends;Ash Apex Legends;ash-apex-legends-wallpaper;https://steamcommunity.com/sharedfiles/filedetails/?id=2653893761;Apex Legends;ico5Bl3t
Ashe;Ashe;ashe-wallpaper;;League Of Legends;NBQUqULo
Astronaut And Cabine;Astronaut And Cabine;astronaut-and-cabine-wallpaper;https://steamcommunity.com/sharedfiles/filedetails/?id=1416247907;Sci-Fi;93rLpzzW
Asura;Asura;asura-wallpaper;https://steamcommunity.com/sharedfiles/filedetails/?id=1742435407;PENDIENTE;AylL3Dgc
Automatic Stairs;Automatic Stairs;automatic-stairs-wallpaper;https://steamcommunity.com/sharedfiles/filedetails/?id=1493194328;Aesthetic;CQXGXgab
Backstreet Lofi;Backstreet Lofi;backstreet-lofi-wallpaper;https://steamcommunity.com/sharedfiles/filedetails/?id=2688873830;Lofi;3kxH8D1R
Bangalore Prestige Skin;Bangalore Prestige Skin;bangalore-prestige-skin-wallpaper;https://steamcommunity.com/sharedfiles/filedetails/?id=2845076022;Apex Legends;l9xGvIGc
Bart Simpson;Bart Simpson;bart-simpson-wallpaper;https://steamcommunity.com/sharedfiles/filedetails/?id=2855138067;The Simpsons;i5Aiuf1S
Beautiful Fantasia City;Beautiful Fantasia City;beautiful-Fantasia-city-wallpaper;https://steamcommunity.com/sharedfiles/filedetails/?id=1386247657;Fantasia;NJHXfwRI
Blade Runner 2049;Blade Runner 2049;blade-runner-2049-wallpaper;https://steamcommunity.com/sharedfiles/filedetails/?id=1629773873;Blade Runner 2049;mjHpruVB
Bloodhound Apex Legends;Bloodhound Apex Legends;bloodhound-apex-legends;https://steamcommunity.com/sharedfiles/filedetails/?id=1685025955;Apex Legends;ppOVOyaM
Bloodhound Revenant Wraith Fanart;Bloodhound Revenant Wraith Fanart;bloodhound-revenant-wraith-fanart-wallpaper;https://steamcommunity.com/sharedfiles/filedetails/?id=2513357780;Apex Legends;sbGDQhCd
Bloodhound Ultimate Apex Legends;Bloodhound Ultimate Apex Legends;bloodhound-ultimate-apex-legends;https://steamcommunity.com/sharedfiles/filedetails/?id=1675236353;Apex Legends;ci7liIhE
Blood Moon Ashe;Blood Moon Ashe;blood-moon-ashe-wallpaper;https://steamcommunity.com/sharedfiles/filedetails/?id=1306894218;League Of Legends;fmCKIJYj
Call Of The Cthulhu;Call Of The Cthulhu;call-of-the-cthulhu-wallpaper;https://steamcommunity.com/sharedfiles/filedetails/?id=2125809362;Call Of Cthulhu;1qsd3tz0
Car In The Mountains;Car In The Mountains;car-in-the-mountains;https://steamcommunity.com/sharedfiles/filedetails/?id=2480003908;Cars;0p4RZZzP
Cassandriss;Cassandriss;cassandriss-wallpaper;https://steamcommunity.com/sharedfiles/filedetails/?id=2453985271;ArtWork;oqERpKmR
Caustic Apex Legends;Caustic Apex Legends;caustic-apex-legends;https://steamcommunity.com/sharedfiles/filedetails/?id=1659751480;Apex Legends;V6uUn8kL
Caustic Chaos;Caustic Chaos;caustic-chaos-wallpaper;https://steamcommunity.com/sharedfiles/filedetails/?id=2177822039;Apex Legends;HWHQ5C5f
Caustic Pfp Apex Legends;Caustic Pfp Apex Legends;caustic-pfp-apex-legends;https://steamcommunity.com/sharedfiles/filedetails/?id=1653112946;Apex Legends;UIOamnha
City Train;City Train;city-train-wallpaper;https://steamcommunity.com/sharedfiles/filedetails/?id=2011974721;Relaxing;TjXDuFk3
Clone Wars;Clone Wars;clone-wars-wallpaper;https://steamcommunity.com/sharedfiles/filedetails/?id=2085572827;Star Wars;vZqigOKE
Cocacola Christmas;Cocacola Christmas;cocacola-christmas-wallpaper;https://steamcommunity.com/sharedfiles/filedetails/?id=2302868726;Christmas;w0e6LQqv
Colorfull Space Walk;Colorfull Space Walk;colorfull-space-walk-wallpaper;https://steamcommunity.com/sharedfiles/filedetails/?id=1562402183;Space;WbSa9079
Conscription Sci Fi;Conscription Sci Fi;conscription-sci-fi-wallpaper;https://steamcommunity.com/sharedfiles/filedetails/?id=2857899144;Sci-Fi;25QmDUmz
Country Of Whisper;Country Of Whisper;country-of-whisper-wallpaper;https://steamcommunity.com/sharedfiles/filedetails/?id=1796952231;Fantasia;mHyaK8Tr
Cover Me;Cover Me;cover-me-wallpaper;https://steamcommunity.com/sharedfiles/filedetails/?id=2659117890;Sci-Fi;Gpqnq819
Crypto Apex Legends;Crypto Apex Legends;crypto-apex-legends-wallpaper;https://steamcommunity.com/sharedfiles/filedetails/?id=2726447506;Apex Legends;yWrvSfbu
Cthulhu;Cthulhu;cthulhu-wallpaper;https://steamcommunity.com/sharedfiles/filedetails/?id=1653368909;Call Of Cthulhu;OPYgYr32
Cyberpunk Car;Cyberpunk Car;cyberpunk-car-wallpaper;https://steamcommunity.com/sharedfiles/filedetails/?id=2043414374;Cyberpunk;TpAB4AWE
Cyberpunk Dragon;Cyberpunk Dragon;cyberpunk-dragon-wallpaper;https://steamcommunity.com/sharedfiles/filedetails/?id=2147112208;Cyberpunk;iUhB5T79
Cyberpunk Film;Cyberpunk Film;cyberpunk-film-wallpaper;https://steamcommunity.com/sharedfiles/filedetails/?id=1893987619;Cyberpunk;t2zaU6fX
Cyberpunk Girl Neon;Cyberpunk Girl Neon;cyberpunk-girl-neon-wallpaper;https://steamcommunity.com/sharedfiles/filedetails/?id=2061132195;Cyberpunk;jYXsDLrb
Cyberpunk Scene;Cyberpunk Scene;cyberpunk-scene-wallpaper;https://steamcommunity.com/sharedfiles/filedetails/?id=2313567509;Cyberpunk;SpmuXwuJ
Cyberpunk Target Lock;Cyberpunk Target Lock;cyberpunk-target-lock-wallpaper;https://steamcommunity.com/sharedfiles/filedetails/?id=2843745418;Cyberpunk;jnL5NsRb
Dark Fantasia Winner;Dark Fantasia Winner;dark-Fantasia-winner-wallpaper;https://steamcommunity.com/sharedfiles/filedetails/?id=2728141805;Fantasia;UchFNYBL
Darth Maul Resurrection;Darth Maul Resurrection;darth-maul-resurrection-wallpaper;https://steamcommunity.com/sharedfiles/filedetails/?id=2363698820;Star Wars;wue7kpTf
Darth Vader Espectating;Darth Vader Espectating;darth-vader-espectating-wallpaper;https://steamcommunity.com/sharedfiles/filedetails/?id=2843660311;Star Wars;6LVLomJO
Dead Space 2;Dead Space 2;dead-space-2-wallpaper;https://steamcommunity.com/sharedfiles/filedetails/?id=2063308355;Dead Space 2;wwC7hIF4
Demon Slayer;Demon Slayer;demon-slayer-wallpaper;;Kitmesu No Yaiba;6FwLWaDh
Divine Calamity;Divine Calamity;divine-calamity-wallpaper;https://steamcommunity.com/sharedfiles/filedetails/?id=2644723145;ArtWork;llacIvyL
Dragon Ball;Dragon Ball;dragon-ball-wallpaper;https://steamcommunity.com/sharedfiles/filedetails/?id=2856190813;Dragon Ball;6ClE6csb
Dr Strange;Dr Strange;dr-strange-wallpaper;https://steamcommunity.com/sharedfiles/filedetails/?id=2098103805;Doctor Strange;YehHH9zJ
Endless Space Aesthetic;Endless Space Aesthetic;endless-space-aesthetic-wallpaper;https://steamcommunity.com/sharedfiles/filedetails/?id=1442377803;Fantasia;mdy0okAb
Escape;Escape;escape-wallpaper;https://steamcommunity.com/sharedfiles/filedetails/?id=1403089475;Sci-Fi;i8ijonGb
Fallen Dreams;Fallen Dreams;fallen-dreams-wallpaper;https://steamcommunity.com/sharedfiles/filedetails/?id=1686490955;Sci-Fi;yiAr00Rc
Fantasia Blue Landscape;Fantasia Blue Landscape;Fantasia-blue-landscape-wallpaper;https://steamcommunity.com/sharedfiles/filedetails/?id=1335301903;Fantasia;cdTAjeP9
Fantasia Book Boat;Fantasia Book Boat;Fantasia-book-boat-wallpaper;https://steamcommunity.com/sharedfiles/filedetails/?id=1853196540;Fantasia;Jo3X1eyX
Fantasia Book;Fantasia Book;Fantasia-book-wallpaper;https://steamcommunity.com/sharedfiles/filedetails/?id=1126387049;Fantasia;HTlG4vg8
Fantasia City;Fantasia City;Fantasia-city-wallpaper;https://steamcommunity.com/sharedfiles/filedetails/?id=2363955606;Fantasia;B98wteny
Fantasia World;Fantasia World;Fantasia-world-wallpaper;https://steamcommunity.com/sharedfiles/filedetails/?id=1892460672;Fantasia;CoNQpnNB
Fantasia World Landscape;Fantasia World Landscape;Fantasia-world-wallpaper-landscape;https://steamcommunity.com/sharedfiles/filedetails/?id=1892460672;Fantasia;G8P2jyAl
Fire Dragon;Fire Dragon;fire-dragon-wallpaper;https://steamcommunity.com/sharedfiles/filedetails/?id=1444195284;Dragon;sWwCJWj4
Gang Boss;Gang Boss;gang-boss-wallpaper;https://steamcommunity.com/sharedfiles/filedetails/?id=2243660629;Sci-Fi;1bREL6g9
Genshin Impact;Genshin Impact;genshin-impact-wallpaper;https://steamcommunity.com/sharedfiles/filedetails/?id=2727714403;Genshin Impact;nLqWqrwG
Get Schwifty;Get Schwifty;get-schwifty-wallpaper;https://steamcommunity.com/sharedfiles/filedetails/?id=2514587563;Rick and Morty;JJfiqoby
Gibraltar Apex Legends;Gibraltar Apex Legends;gibraltar-apex-legends-wallpaper;https://steamcommunity.com/sharedfiles/filedetails/?id=1661987933;Apex Legends;16BqdZtt
Gibraltar Shield;Gibraltar Shield;gibraltar-shield-wallpaper;https://steamcommunity.com/sharedfiles/filedetails/?id=2080189511;Apex Legends;3WJLhv1G
Halo Infinite;Halo Infinite;halo-infinite-wallpaper;https://steamcommunity.com/sharedfiles/filedetails/?id=2596814838;Halo;UwvVg9Pv
Heaven;Heaven;heaven-wallpaper;https://steamcommunity.com/sharedfiles/filedetails/?id=1388538071;Fantasia;Twv8giqB
Horus Surrounded;Horus Surrounded;horus-surrounded-wallpaper;https://steamcommunity.com/sharedfiles/filedetails/?id=1221502012;ArtWork;Ww0gZ9E1
I Have A Dream;I Have A Dream;i-hace-a-dream-wallpaper;https://steamcommunity.com/sharedfiles/filedetails/?id=2222481438;Space;OsFGcv54
Incarnation;Incarnation;incarnation-wallpaper;https://steamcommunity.com/sharedfiles/filedetails/?id=1637326053;PENDIENTE;VOHsBfPY
Inspector Pathfinder;Inspector Pathfinder;inspector-pathfinder-wallpaper;https://steamcommunity.com/sharedfiles/filedetails/?id=2591532574;Apex Legends;6NgoTvcY
Ironman Vs Captain America;Ironman Vs Captain America;ironman-vs-captain-america-wallpaper;;Iron Man;HEXNRlh7
Japanese Market At Night;Japanese Market At Night;japanese-market-at-night-wallpaper;https://steamcommunity.com/sharedfiles/filedetails/?id=2812259279;Aesthetic;Lc1Upza7
Japanese Street At Night;Japanese Street At Night;japanese-street-at-night;https://steamcommunity.com/sharedfiles/filedetails/?id=2421166648;Aesthetic;TeakFiHH
Japanese Summer Tram;Japanese Summer Tram;japanese-summer-tram-wallpaper;https://steamcommunity.com/sharedfiles/filedetails/?id=2630394084;Aesthetic;MkUXKlWy
Japanese Train And Landscape;Japanese Train And Landscape;japanese-train-and-landscape-wallpaper;https://steamcommunity.com/sharedfiles/filedetails/?id=2477602742;Aesthetic;RBPzkMoC
Jinx;Jinx;jinx-wallpaper;https://steamcommunity.com/sharedfiles/filedetails/?id=2194067305;League Of Legends;95LrWIAT
Jojos Bizarre Adventure;Jojos Bizarre Adventure;jojos-bizarre-adventure-wallpaper;https://steamcommunity.com/sharedfiles/filedetails/?id=2702904809;JoJo's Bizarre Adventure;ixZUYrEm
Kai Sa;Kai Sa;kai-sa-wallpaper;https://steamcommunity.com/sharedfiles/filedetails/?id=2820173708;League Of Legends;XzAWCQp2
Kindred;Kindred;kindred-wallpaper;https://steamcommunity.com/sharedfiles/filedetails/?id=939415070;League Of Legends;eNqWaxaC
Krypto Apex Legends;Krypto Apex Legends;krypto-apex-legends-wallpaper;https://steamcommunity.com/sharedfiles/filedetails/?id=1880999236;Apex Legends;hgmpYPTW
Lady In Red;Lady In Red;lady-in-red-wallpaper;https://steamcommunity.com/sharedfiles/filedetails/?id=2648543328;ArtWork;sgKnYcNi
Levels;Levels;levels-wallpaper;https://steamcommunity.com/sharedfiles/filedetails/?id=2832168392;ArtWork;PiIWrBLb
Lifeline Apex Legends;Lifeline Apex Legends;lifeline-apex-legends;https://steamcommunity.com/sharedfiles/filedetails/?id=1858203964;Apex Legends;Xh9N7vdV
Lifeline Art;Lifeline Art;lifeline-art-wallpaper;https://steamcommunity.com/sharedfiles/filedetails/?id=2840376338;Apex Legends;vQDyMCBv
Light Dragon;Light Dragon;light-dragon-wallpaper;https://steamcommunity.com/sharedfiles/filedetails/?id=1221266073;Dragon;whWPZkwZ
Loba Apex Legends;Loba Apex Legends;loba-apex-legends;https://steamcommunity.com/sharedfiles/filedetails/?id=2141197256;Apex Legends;woezfGEO
Loba Apex Legends;Loba Apex Legends;loba-apex-legends-wallpaper;https://steamcommunity.com/sharedfiles/filedetails/?id=2120009122;Apex Legends;k1L8RVBY
Loba Selfie;Loba Selfie;loba-selfie-wallpaper;https://steamcommunity.com/sharedfiles/filedetails/?id=2861120833;Apex Legends;SzKxIZAW
Magic Ritual;Magic Ritual;magic-ritual-wallpaper;https://steamcommunity.com/sharedfiles/filedetails/?id=1417959651;Fantasia;3UuDuIc0
Minecraft;Minecraft;minecraft;https://steamcommunity.com/sharedfiles/filedetails/?id=2444439191;Minecraft;5VnQA1JK
Minecraft Elder Dragon;Minecraft Elder Dragon;minecraft-elder-dragon-wallpaper;https://steamcommunity.com/sharedfiles/filedetails/?id=2166577965;Minecraft;6SwpEV2P
Minecraft Fight;Minecraft Fight;minecraft-fight-wallpaper;https://steamcommunity.com/sharedfiles/filedetails/?id=2764231432;Minecraft;X4AYFpUM
Minecraft Landscape;Minecraft Landscape;minecraft-landscape-wallpaper;https://steamcommunity.com/sharedfiles/filedetails/?id=2630089091;Minecraft;FJ2bgk6v
Mirage;Mirage;mirage-wallpaper;https://steamcommunity.com/sharedfiles/filedetails/?id=1659806835;Apex Legends;zGkepM9L
Morty In The Space;Morty In The Space;morty-in-the-space-wallpaper;https://steamcommunity.com/sharedfiles/filedetails/?id=2597418115;Rick and Morty;2bZtxxyT
Neo Japan 2022;Neo Japan 2022;neo-japan-2022-wallpaper;https://steamcommunity.com/sharedfiles/filedetails/?id=1577742003;Sci-Fi;iYu4c9m7
Neon Astronaut;Neon Astronaut;neon-astronaut-wallpaper;;Sci-Fi;QeNnid7y
Neon Car;Neon Car;neon-car-wallpaper;https://steamcommunity.com/sharedfiles/filedetails/?id=1324146312;Cars;2biDmPmB
Neon City Night;Neon City Night;neon-city-night-wallpaper;https://steamcommunity.com/sharedfiles/filedetails/?id=1991549790;Neon;7LrhkYJX
Neon City;Neon City;neon-city-wallpaper;https://steamcommunity.com/sharedfiles/filedetails/?id=2836045535;Neon;PaYh7aeo
Neon Rain Gas Station;Neon Rain Gas Station;neon-rain-gas-station;https://steamcommunity.com/sharedfiles/filedetails/?id=1324146312;Neon;V7WSW4CV
Neon Soldiers;Neon Soldiers;neon-soldiers-wallpaper;https://steamcommunity.com/sharedfiles/filedetails/?id=1255686848;Neon;IOg3Dupo
Netwatcher;Netwatcher;netwatcher-wallpaper;https://steamcommunity.com/sharedfiles/filedetails/?id=2806349152;Sci-Fi;G5R9kkfI
Night City;Night City;night-city-wallpaper;https://steamcommunity.com/sharedfiles/filedetails/?id=2847484858;Neon;zBGZVmNq
Norse Landscape;Norse Landscape;norse-landscape-wallpaper;https://steamcommunity.com/sharedfiles/filedetails/?id=1523461984;Fantasia;5kGDO3D3
Octane Apex Legends;Octane Apex Legends;octane-apex-legends;https://steamcommunity.com/sharedfiles/filedetails/?id=1968972344;Apex Legends;AywOsglq
Octane Normal Skin Apex Legends;Octane Normal Skin Apex Legends;octane-normal-skin-apex-legends;https://steamcommunity.com/sharedfiles/filedetails/?id=1960553395;Apex Legends;Il0kVoGQ
Odyssey By Visualdon;Odyssey By Visualdon;odyssey-by-visualdon-wallpaper;https://steamcommunity.com/sharedfiles/filedetails/?id=1826007716;Sci-Fi;mJ60xubH
Orange;Orange;orange-wallpaper;https://steamcommunity.com/sharedfiles/filedetails/?id=2510070827;ArtWork;NzEjWUYX
Otherworld;Otherworld;otherworld-wallpaper;https://steamcommunity.com/sharedfiles/filedetails/?id=1207543743;Fantasia;3gTUoQaj
Outer Space Aesthetic;Outer Space Aesthetic;outer-space-aesthetic-wallpaper;https://steamcommunity.com/sharedfiles/filedetails/?id=1388352811;Sci-Fi;EZmvhOUR
Pathfinder Apex;Pathfinder Apex;pathfinder-apex-wallpaper;https://steamcommunity.com/sharedfiles/filedetails/?id=2315710163;Apex Legends;M4C4ffQv
Pathfinder Dream Apex Legends;Pathfinder Dream Apex Legends;pathfinder-dream-apex-legends;https://steamcommunity.com/sharedfiles/filedetails/?id=1653549323;Apex Legends;B90xZRmB
Pathfinder Fanart;Pathfinder Fanart;pathfinder-fanart-wallpaper;https://steamcommunity.com/sharedfiles/filedetails/?id=2315710163;Apex Legends;9uiMP8d9
Pirates Cove;Pirates Cove;pirates-cove-wallpaper;https://steamcommunity.com/sharedfiles/filedetails/?id=2611696817;Fantasia;KjnhHus9
Pixel Art Blue;Pixel Art Blue;pixel-art-blue-wallpaper;https://steamcommunity.com/sharedfiles/filedetails/?id=877848726;Pîxel Art;QgzwpTeZ
Pixel Art Temple;Pixel Art Temple;pixel-art-temple-wallpaper;;Pixel Art;0bBRwBA3
Pokemon Pixel Art;Pokemon Pixel Art;pokemon-pixel-art-wallpaper;https://steamcommunity.com/sharedfiles/filedetails/?id=2850741726;Pokemon;fibDd6bI
Post Apocalyptic Drone;Post Apocalyptic Drone;post-apocaliptic-drone-wallpaper;https://steamcommunity.com/sharedfiles/filedetails/?id=2864999199;Sci-Fi;CTBozKMB
Princess Bubblegum;Princess Bubblegum;princess-bubblegum-wallpaper;https://steamcommunity.com/sharedfiles/filedetails/?id=2235108862;Aesthetic;7tKq2zgR
Rain Cyber Girl;Rain Cyber Girl;rain-cyber-girl-wallpaper;https://steamcommunity.com/sharedfiles/filedetails/?id=2241216147;Sci-Fi;lEHwJm0i
Rain Will Wash Everything;Rain Will Wash Everything;rain-will-wash-everything-wallpaper;https://steamcommunity.com/sharedfiles/filedetails/?id=2618582850;Relaxing;YH30m5Rs
Rainy Window;Rainy Window;rainy-window-wallpaper;https://steamcommunity.com/sharedfiles/filedetails/?id=2116229991;Relaxing;IKbUSZGn
Rampart Apex Legends;Rampart Apex Legends;rampart-apex-legends-wallpaper;https://steamcommunity.com/sharedfiles/filedetails/?id=2478029215;Apex Legends;TJxHs8rd
Rayquaza Between Clouds;Rayquaza Between Clouds;rayquaza-between-clouds-wallpaper;https://steamcommunity.com/sharedfiles/filedetails/?id=2441947759;Pokemon;auDSqNcl
Relaxing Beach;Relaxing Beach;relaxing-beach-wallpaper;https://steamcommunity.com/sharedfiles/filedetails/?id=2832189542;Relaxing;a9ihfImf
Retro Room;Retro Room;retro-room-wallpaper;https://steamcommunity.com/sharedfiles/filedetails/?id=2739953084;Retro;FbBWGcg6
Retro Sci Fi;Retro Sci Fi;retro-sci-fi-wallpaper;https://steamcommunity.com/sharedfiles/filedetails/?id=1443253467;Sci-Fi;KrWQHBwh
Revenant Apex Legends;Revenant Apex Legends;revenant-apex-legends;https://steamcommunity.com/sharedfiles/filedetails/?id=1986895327;Apex Legends;FcGJeMHQ
Revenant Apex Legends;Revenant Apex Legends;revenant-apex-legends-wallpaper;https://steamcommunity.com/sharedfiles/filedetails/?id=1990792682;Apex Legends;vYP6st0J
Revenant Apex;Revenant Apex;revenant-apex-wallpaper;https://steamcommunity.com/sharedfiles/filedetails/?id=2748908906;Apex Legends;G4VXTk0v
Rick And Morty Watching Space;Rick And Morty Watching Space;ricck-and-morty-watching-space;https://steamcommunity.com/sharedfiles/filedetails/?id=2759222655;Rick and Morty;OdtYWa1P
Rick And Morty In Problems;Rick And Morty In Problems;rick-and-morty-in-problems;https://steamcommunity.com/sharedfiles/filedetails/?id=2197547614;Rick and Morty;b9p4LxvU
Rick And Morty In The Space;Rick And Morty In The Space;rick-and-morty-in-the-space-wallpaper;https://steamcommunity.com/sharedfiles/filedetails/?id=1877091071;Rick and Morty;S2Kn4zRV
Rick And Morty Throw The Portal;Rick And Morty Throw The Portal;rick-and-morty-throw-the-portal;https://steamcommunity.com/sharedfiles/filedetails/?id=2754827824;Rick and Morty;bdXrSUAz
Rick And Morty Watching Tv;Rick And Morty Watching Tv;rick-and-morty-watching-tv;https://steamcommunity.com/sharedfiles/filedetails/?id=2683717329;Rick and Morty;KDTuufUs
Rick And Morty With Guns;Rick And Morty With Guns;rick-and-morty-with-guns;https://steamcommunity.com/sharedfiles/filedetails/?id=2565694570;Rick and Morty;wh8Oryo5
Rick And Morty With The Dragon Balls;Rick And Morty With The Dragon Balls;rick-and-morty-with-the-dragon-balls-wallpaper;https://steamcommunity.com/sharedfiles/filedetails/?id=1424981884;Rick and Morty;zpMIEv2D
Rick Realism;Rick Realism;rick-realism-wallpaper;https://steamcommunity.com/sharedfiles/filedetails/?id=2343710455;Rick and Morty;5jtteG19
Ruiner;Ruiner;ruiner-wallpaper;https://steamcommunity.com/sharedfiles/filedetails/?id=1804502189;Sci-Fi;MxCIOySz
Samurai Cowboy;Samurai Cowboy;samurai-cowboy-wallpaper;https://steamcommunity.com/sharedfiles/filedetails/?id=1944104473;ArtWork;T88hkY4u
Sci Fi Base;Sci Fi Base;sci-fi-base-wallpaper;https://steamcommunity.com/sharedfiles/filedetails/?id=1204402705;Sci-Fi;Adv9nNQJ
Sci Fi Bedroom;Sci Fi Bedroom;sci-fi-bedroom-wallpaper;https://steamcommunity.com/sharedfiles/filedetails/?id=2753436905;Sci-Fi;TPkqNatk
Sci Fi City;Sci Fi City;sci-fi-city-wallpaper;https://steamcommunity.com/sharedfiles/filedetails/?id=2241829731;Sci-Fi;lKQJ2iqa
Sci Fi Factory;Sci Fi Factory;sci-fi-factory-wallpaper;https://steamcommunity.com/sharedfiles/filedetails/?id=1204402705;Sci-Fi;WR1T6o7e
Sci Fi Girl (2);Sci Fi Girl (2);sci-fi-girl-wallpaper-2;https://steamcommunity.com/sharedfiles/filedetails/?id=2865520681;Sci-Fi;V6Q4gOzl
Sci Fi Girl;Sci Fi Girl;sci-fi-girl-wallpaper;https://steamcommunity.com/sharedfiles/filedetails/?id=2797677593;Sci-Fi;FhY7dYcW
Sci Fi Loft;Sci Fi Loft;sci-fi-loft-wallpaper;https://steamcommunity.com/sharedfiles/filedetails/?id=2223970879;Sci-Fi;b0CDK8U1
Sci Fi Night;Sci Fi Night;sci-fi-night-wallpaper;https://steamcommunity.com/sharedfiles/filedetails/?id=1394761872;Sci-Fi;MYn2H8e4
Sci Fi Red Girl And Planet;Sci Fi Red Girl And Planet;sci-fi-red-girl-and-planet;https://steamcommunity.com/sharedfiles/filedetails/?id=2601743935;Sci-Fi;g6hCMDMY
Sci Fi Robot;Sci Fi Robot;sci-fi-robot;https://steamcommunity.com/sharedfiles/filedetails/?id=2144342301;Sci-Fi;m1eMpBG9
Sci Fi Scorpion;Sci Fi Scorpion;sci-fi-scorpion-wallpaper;https://steamcommunity.com/sharedfiles/filedetails/?id=2826278704;Sci-Fi;fB2tpKIY
Sci Fi Warrior;Sci Fi Warrior;sci-fi-warrior-wallpaper;https://steamcommunity.com/sharedfiles/filedetails/?id=1727365422;Sci-Fi;XZ7MDhU2
Screaming Sun;Screaming Sun;screaming-sun-wallpaper;https://steamcommunity.com/sharedfiles/filedetails/?id=926381777;Rick and Morty;WcnThLSp
Shaco;Shaco;shaco-wallpaper;https://steamcommunity.com/sharedfiles/filedetails/?id=2861586043;League Of Legends;AgWuzkfv
Show Me What You Got;Show Me What You Got;show-me-what-you-got-wallpaper;https://steamcommunity.com/sharedfiles/filedetails/?id=1844749860;Rick and Morty;4JH8N8gv
Simple Space;Simple Space;simple-space-wallpaper;https://steamcommunity.com/sharedfiles/filedetails/?id=2777877063;Space;A2wRDLzk
Sirhaian Society;Sirhaian Society;sirhaian-society-wallpaper;https://steamcommunity.com/sharedfiles/filedetails/?id=1456049459;Sci-Fi;HYWIlD1n
Space Cowboy;Space Cowboy;space-cowboy-wallpaper;https://steamcommunity.com/sharedfiles/filedetails/?id=1287497311;PENDIENTE;8dBR6LQo
Spacecraft;Spacecraft;spacecraft-wallpaper;;Sci-Fi;HESDkBfp
Space Girl;Space Girl;space-girl-wallpaper;https://steamcommunity.com/sharedfiles/filedetails/?id=960143880;Space;PuTUcmSc
Spawn;Spawn;spawn-wallpaper;https://steamcommunity.com/sharedfiles/filedetails/?id=1647233070;Spawn;oAHsMoHd
Spiderman Vs Venom;Spiderman Vs Venom;spiderman-vs-venom-wallpaper;;Spiderman;bQDKkCSQ
Spongebob Basketball;Spongebob Basketball;spongebob-basketball-wallpaper;https://steamcommunity.com/sharedfiles/filedetails/?id=2828983193;Spongebob;WxJ6ZBMf
Star Fall Walpaper Sci Fi;Star Fall Walpaper Sci Fi;star-fall-walpaper-sci-fi;https://steamcommunity.com/sharedfiles/filedetails/?id=1566056279;Space;6HgvcRYf
Star Wars Fanart;Star Wars Fanart;star-wars-fanart-wallpaper;https://steamcommunity.com/sharedfiles/filedetails/?id=2670529224;Star Wars;OlmNLhsK
Star Wars Jedi Fanart;Star Wars Jedi Fanart;star-wars-jedi-fanart-wallpaper;https://steamcommunity.com/sharedfiles/filedetails/?id=2294063470;Star Wars;PLhSep1n
Star Wars Jedi;Star Wars Jedi;star-wars-jedi-wallpaper;https://steamcommunity.com/sharedfiles/filedetails/?id=1412731502;Star Wars;pPiVWufc
Strange Planet In The Space;Strange Planet In The Space;strange-planet-in-the-space;https://steamcommunity.com/sharedfiles/filedetails/?id=2761752671;Space;KC8PcNwP
Sunset Of Space;Sunset Of Space;sunset-of-space-wallpaper;https://steamcommunity.com/sharedfiles/filedetails/?id=2835432107;Space;1NYwzQbu
T Au Empire Pilot Wathammer 40000;T Au Empire Pilot Wathammer 40000;t-au-empire-pilot-wathammer-40000-wallpaper;https://steamcommunity.com/sharedfiles/filedetails/?id=2690147141;Warhammer;73PeW6f8
T Au Empire Warhammer;T Au Empire Warhammer;T-au-empire-warhammer-wallpaper;https://steamcommunity.com/sharedfiles/filedetails/?id=2860151285;Warhammer;BDXZs3er
The House;The House;the-house-wallpaper;https://steamcommunity.com/sharedfiles/filedetails/?id=1856440505;Dark;WkAyJaEN
The Mandalorian;The Mandalorian;the-mandalorian-wallpaper;https://steamcommunity.com/sharedfiles/filedetails/?id=2759832665;Mandalorian;g6oCIfGj
The Reunion Apex Legends;The Reunion Apex Legends;the-reunion-apex-legends;https://steamcommunity.com/sharedfiles/filedetails/?id=2548545826;Apex Legends;g8KQHSmh
The Thing 1982;The Thing 1982;the-thing-1982-wallpaper;https://steamcommunity.com/sharedfiles/filedetails/?id=1626247152;The Thing;3yn6Cc0X
The Throne Rick And Morty;The Throne Rick And Morty;the-throne-rick-and-orty-wallpaper;https://steamcommunity.com/sharedfiles/filedetails/?id=2606733599;Rick and Morty;lTMUSVQr
The Throne;The Throne;the-throne-wallpaper;https://steamcommunity.com/sharedfiles/filedetails/?id=2621304312;Rick and Morty;1GDtGrUL
The Undercity Arcane;The Undercity Arcane;the-undercity-arcane-wallpaper;https://steamcommunity.com/sharedfiles/filedetails/?id=2659098097;Arcane;9JZMCj5b
Tokyo Nights;Tokyo Nights;tokyo-nights-wallpaper;https://steamcommunity.com/sharedfiles/filedetails/?id=1230195984;Cyberpunk;1LyAx5bW
Valkyrie Apex Legends;Valkyrie Apex Legends;valkyrie-apex-legends-wallpaper;https://steamcommunity.com/sharedfiles/filedetails/?id=2625769369;Apex Legends;KyN1QZBe
Valkyrie Cannon;Valkyrie Cannon;valkyrie-cannon-wallpaper;https://steamcommunity.com/sharedfiles/filedetails/?id=2636664865;Apex Legends;mgVupE2b
Valkyrie Fanart 2;Valkyrie Fanart 2;valkyrie-fanart-2-wallpaper;https://steamcommunity.com/sharedfiles/filedetails/?id=2849797008;Apex Legends;uEhKRlRA
Valkyrie Fanart;Valkyrie Fanart;valkyrie-fanart-wallpaper;https://steamcommunity.com/sharedfiles/filedetails/?id=2750455079;Apex Legends;NGhLRdo2
Valkyrie Wraith Lifeline;Valkyrie Wraith Lifeline;valkyrie-wraith-lifeline-wallpaper;https://steamcommunity.com/sharedfiles/filedetails/?id=2791668423;Apex Legends;7Wo6BPJJ
Vampire Hunter Scythe Girl;Vampire Hunter Scythe Girl;vampire-hunter-scythe-girl;https://steamcommunity.com/sharedfiles/filedetails/?id=2836889843;ArtWork;ojsd6FCN
Vantage;Vantage;vantage-wallpaper;https://steamcommunity.com/sharedfiles/filedetails/?id=2862297674;Apex Legends;dwx6txZC
Veronica Vez Cervantes;Veronica Vez Cervantes;veronica-vez-cervantes-wallpaper;https://steamcommunity.com/sharedfiles/filedetails/?id=1236927209;Sci-Fi;MqzvibFI
Warhammer 40000;Warhammer 40000;warhammer-40000-wallpaper;https://steamcommunity.com/sharedfiles/filedetails/?id=2671403442;Warhammer;MgRVsLzB
Watching The Universe;Watching The Universe;watching-the-universe-wallpaper;https://steamcommunity.com/sharedfiles/filedetails/?id=2671403442;Space;MMlPLFhQ
Wattson Apex Legends;Wattson Apex Legends;wattson-apex-legends;https://steamcommunity.com/sharedfiles/filedetails/?id=2403975214;Apex Legends;r0Ighj8D
Wattson Apex Legends;Wattson Apex Legends;wattson-apex-legends-wallpaper;https://steamcommunity.com/sharedfiles/filedetails/?id=1947230213;Apex Legends;TVXgCbjv
Wattson Presentation;Wattson Presentation;wattson-presentation-wallpaper;https://steamcommunity.com/sharedfiles/filedetails/?id=2868691685;Apex Legends;B46FI37E
Wattson;Wattson;wattson-wallpaper;https://steamcommunity.com/sharedfiles/filedetails/?id=1865378779;Apex Legends;CQ7Qg1Ca
Woman Fantasia;Woman Fantasia;woman-Fantasia-wallpaper;https://steamcommunity.com/sharedfiles/filedetails/?id=1585907456;Fantasia;XMtCsqXy
Zenitsu;Zenitsu;zenitsu-wallpaper;https://steamcommunity.com/sharedfiles/filedetails/?id=2756711869;Kitmesu No Yaiba;50gZXpca
