titulo;categoria;nombre;archivos;notas;video;engine
Goku y Bulma;Dragon Ball;Goku y Bulma;Goku-y-Bulma;;k9LpPB4o;https://steamcommunity.com/sharedfiles/filedetails/?id=1110890328
Goku Neon;Dragon Ball;Goku Neon;Goku-Neon;;7pgj2MeN;https://steamcommunity.com/sharedfiles/filedetails/?id=1875988212
A lomos de Shenlong;Dragon Ball;A lomos de Shenlong;A-lomos-de-Shenlong;;zQnzTbJQ;https://steamcommunity.com/sharedfiles/filedetails/?id=1268947477
Shenlong y Goku;Dragon Ball;Shenlong y Goku;Shenlong-y-Goku;;7f9PUKjl;https://steamcommunity.com/sharedfiles/filedetails/?id=1339531200
Blue Vegeta;Dragon Ball;Blue Vegeta;Blue-Vegeta;;NsOZ8kMD;https://steamcommunity.com/sharedfiles/filedetails/?id=2438103557
Celula, Freezer y Boo;Dragon Ball;Celula, Freezer y Boo;Celula,-Freezer-y-Boo;;0BmmlijG;https://steamcommunity.com/sharedfiles/filedetails/?id=1590206002
Goku White and Black;Dragon Ball;Goku White and Black;Goku-White-and-Black;;DLZFImPT;https://steamcommunity.com/sharedfiles/filedetails/?id=2579420139
Goku White and Bacl Edition 2;Dragon Ball;Goku White and Bacl Edition 2;Goku-White-and-Bacl-Edition-2;;54T05BCu;https://steamcommunity.com/sharedfiles/filedetails/?id=1858969940
Battle;Dragon Ball;Battle;Battle;;9IT8aLHW;https://steamcommunity.com/sharedfiles/filedetails/?id=1990787662
Gohan;Dragon Ball;Gohan;Gohan;;P3bYNSaw;https://steamcommunity.com/sharedfiles/filedetails/?id=1730713534
Shenlong and the Dragon Balls;Dragon Ball;Shenlong and the Dragon Balls;Shenlong-and-the-Dragon-Balls;;3EW2n1Zl;https://steamcommunity.com/sharedfiles/filedetails/?id=2535729605
Broly Green;Dragon Ball;Broly Green;Broly-Green;;1yGcv8Ln;https://steamcommunity.com/sharedfiles/filedetails/?id=1618233044
Mini Goku and Bulma;Dragon Ball;Mini Goku and Bulma;Mini-Goku-and-Bulma;;7aC92I0W;https://steamcommunity.com/sharedfiles/filedetails/?id=2862012367
Purple Vegeta;Dragon Ball;Purple Vegeta;Purple-Vegeta;;aHyyyheS;https://steamcommunity.com/sharedfiles/filedetails/?id=2905638492
Shenlong with Lights;Dragon Ball;Shenlong with Lights;Shenlong-with-Lights;;STYpzDoe;https://steamcommunity.com/sharedfiles/filedetails/?id=2889923642
Gohan and House;Dragon Ball;Gohan and House;Gohan-and-House;;JoLW7N4R;https://steamcommunity.com/sharedfiles/filedetails/?id=2814821797
Goku Holding Ethereum;Dragon Ball;Goku Holding Ethereum;Goku-Holding-Ethereum;;grErzki7;https://steamcommunity.com/sharedfiles/filedetails/?id=2884356678
Gohan 2;Dragon Ball;Gohan 2;Gohan-2;;kmLyM2NN;https://steamcommunity.com/sharedfiles/filedetails/?id=2761776606
The Family;Dragon Ball;The Family;The-Family;;2rKwyL44;https://steamcommunity.com/sharedfiles/filedetails/?id=2859409592
Goku, Vegeta and Broly;Dragon Ball;Goku, Vegeta and Broly;Goku,-Vegeta-and-Broly;;Atbtc3EC;https://steamcommunity.com/sharedfiles/filedetails/?id=2806077508
Android 18;Dragon Ball;Android 18;Android-18;;;https://steamcommunity.com/sharedfiles/filedetails/?id=2926925760
Gohan 3;Dragon Ball;Gohan 3;Gohan-3;;YdY94gGw;https://steamcommunity.com/sharedfiles/filedetails/?id=2790544986
Beast Gohan Legends;Dragon Ball;Beast Gohan Legends;Beast-Gohan-Legends;;zKAru3LB;https://steamcommunity.com/sharedfiles/filedetails/?id=2877456790
Goten and Trunks;Dragon Ball;Goten and Trunks;Goten-and-Trunks;;yM5U56em;https://steamcommunity.com/sharedfiles/filedetails/?id=2904710613
Super Vegetto 4K;Dragon Ball;Super Vegetto 4K;Super-Vegetto-4K;;CNZxtart;https://steamcommunity.com/sharedfiles/filedetails/?id=2928776208
Gogeta SSJ4;Dragon Ball;Gogeta SSJ4;Gogeta-SSJ4;;26LnZjL5;https://steamcommunity.com/sharedfiles/filedetails/?id=2921360203
Black Frieza;Dragon Ball;Black Frieza;Black-Frieza;;KVhJsweG;https://steamcommunity.com/sharedfiles/filedetails/?id=2922717203
Vegito;Dragon Ball;Vegito;Vegito;;iEpzlxBM;https://steamcommunity.com/sharedfiles/filedetails/?id=2887195445
We Gotta Power (Opening);Dragon Ball;We Gotta Power (Opening);We-Gotta-Power-(Opening);;G6raLKYu;https://steamcommunity.com/sharedfiles/filedetails/?id=2902579647
Goku Genkidama;Dragon Ball;Goku Genkidama;Goku-Genkidama;;1ykLznSG;https://steamcommunity.com/sharedfiles/filedetails/?id=2887059148
Goku Aesthetic;Dragon Ball;Goku Aesthetic;Goku-Aesthetic;;ypy96BWf;https://steamcommunity.com/sharedfiles/filedetails/?id=2821724521
Goku peleando;Dragon Ball;Goku peleando;Goku-peleando;;KtbaStbk;https://steamcommunity.com/sharedfiles/filedetails/?id=2595616158
Chica no se;Dragon Ball;Chica no se;Chica-no-se;;lPCaiycw;https://steamcommunity.com/sharedfiles/filedetails/?id=1995975305
Goku y Planeta;Dragon Ball;Goku y Planeta;Goku-y-Planeta;;xpYbzvRl;https://steamcommunity.com/sharedfiles/filedetails/?id=2164246817
Goku y Aura;Dragon Ball;Goku y Aura;Goku-y-Aura;;DzAGTNwa;https://steamcommunity.com/sharedfiles/filedetails/?id=2789022198
Goku SSJ3;Dragon Ball;Goku SSJ3;Goku-SSJ3;;dRLDf1kP;https://steamcommunity.com/sharedfiles/filedetails/?id=2832708160
Kame House 4K;Dragon Ball;Kame House 4K;Kame-House-4K;;aUfoVmIW;https://steamcommunity.com/sharedfiles/filedetails/?id=2739547448
Full Power Jiren;Dragon Ball;Full Power Jiren;Full-Power-Jiren;;id8KHbGI;https://steamcommunity.com/sharedfiles/filedetails/?id=2777372886
Windows Genkidama;Dragon Ball;Windows Genkidama;Windows-Genkidama;;Kwax0BRp;https://steamcommunity.com/sharedfiles/filedetails/?id=2567526111
Celula;Dragon Ball;Celula;Celula;;wgXl27fZ;https://steamcommunity.com/sharedfiles/filedetails/?id=2736329890
Super Saiyan Trunks;Dragon Ball;Super Saiyan Trunks;Super-Saiyan-Trunks;;tQvUCz1H;https://steamcommunity.com/sharedfiles/filedetails/?id=2837422914
Vegito Blue;Dragon Ball;Vegito Blue;Vegito-Blue;;kC5wfWQa;https://steamcommunity.com/sharedfiles/filedetails/?id=2708233443
Super Vegeta;Dragon Ball;Super Vegeta;Super-Vegeta;;o0hZ8YVZ;https://steamcommunity.com/sharedfiles/filedetails/?id=2851398930
Goku and Comic Background;Dragon Ball;Goku and Comic Background;Goku-and-Comic-Background;;Jdz21YWV;https://steamcommunity.com/sharedfiles/filedetails/?id=2871453872
Namek SSJ Goku;Dragon Ball;Namek SSJ Goku;Namek-SSJ-Goku;;ew2Wh2h8;https://steamcommunity.com/sharedfiles/filedetails/?id=2767929120
Super Gogeta;Dragon Ball;Super Gogeta;Super-Gogeta;;AR6RaHrO;https://steamcommunity.com/sharedfiles/filedetails/?id=2767015006
SSB Gogeta;Dragon Ball;SSB Gogeta;SSB-Gogeta;;Aa44agxH;https://steamcommunity.com/sharedfiles/filedetails/?id=2768156257
Purple Trunks;Dragon Ball;Purple Trunks;Purple-Trunks;;a3hprZHa;https://steamcommunity.com/sharedfiles/filedetails/?id=2889000834
Son Goku SSGSS;Dragon Ball;Son Goku SSGSS;Son-Goku-SSGSS;;RHEOXMhG;https://steamcommunity.com/sharedfiles/filedetails/?id=2854737558
Assault on Red Ribbon Armybase;Dragon Ball;Assault on Red Ribbon Armybase;Assault-on-Red-Ribbon-Armybase;;Oel6zH4Q;https://steamcommunity.com/sharedfiles/filedetails/?id=2814725132
Water Country;Fantasia;Water Country;Water-Country;;BjCFCabM;https://steamcommunity.com/sharedfiles/filedetails/?id=2786837258
Atardecer en la Naturaleza;Paisajes;Atardecer en la Naturaleza;Atardecer-en-la-Naturaleza;;38y2Rk1c;https://steamcommunity.com/sharedfiles/filedetails/?id=2747896384
Waterlilies;ArtWork;Waterlilies;Waterlilies;;5xK9tmk5;https://steamcommunity.com/sharedfiles/filedetails/?id=2797852327
Riachuelo en el Bosque;rios;Riachuelo en el Bosque;Riachuelo-en-el-Bosque;;uGYQcICB;https://steamcommunity.com/sharedfiles/filedetails/?id=2857096071
Samurai y Panda;Paisajes;Samurai y Panda;Samurai-y-Panda;;Ph7sqmDE;https://steamcommunity.com/sharedfiles/filedetails/?id=2868091248
Olas en la Playa;Playa;Olas en la Playa;Olas-en-la-Playa;;XFXyeP3l;https://steamcommunity.com/sharedfiles/filedetails/?id=2910604345
Olas estilo Studio Ghibli;Playa;Olas estilo Studio Ghibli;Olas-estilo-Studio-Ghibli;;NzlP93ys;https://steamcommunity.com/sharedfiles/filedetails/?id=2904263432
Nubes atrapadas;Fantasia;Nubes atrapadas;Nubes-atrapadas;;Un591c9V;https://steamcommunity.com/sharedfiles/filedetails/?id=2846375719
Cabina en el Bosque;bosques;Cabina en el Bosque;Cabina-en-el-Bosque;;LbLZ1in3;https://steamcommunity.com/sharedfiles/filedetails/?id=2738706397
Molino en el campo;Paisajes;Molino en el campo;Molino-en-el-campo;;Al7jFqSz;https://steamcommunity.com/sharedfiles/filedetails/?id=2709537043
Gasolinera Abandonada en el Desierto;ArtWork;Gasolinera Abandonada en el Desierto;Gasolinera-Abandonada-en-el-Desierto;;VDr1R0QR;https://steamcommunity.com/sharedfiles/filedetails/?id=2913675071
Reflejos en el Agua;Lagos;Reflejos en el Agua;Reflejos-en-el-Agua;;keKONxXP;https://steamcommunity.com/sharedfiles/filedetails/?id=2237522440
Arbol Rojo;ArtWork;Arbol Rojo;Arbol-Rojo;;WGlenaQF;https://steamcommunity.com/sharedfiles/filedetails/?id=2406202546
Bosque Nublado;bosques;Bosque Nublado;Bosque-Nublado;;IbkVBsUh;https://steamcommunity.com/sharedfiles/filedetails/?id=2142532648
Persica Flower;Flores;Persica Flower;Persica-Flower;;G6h6yFr3;https://steamcommunity.com/sharedfiles/filedetails/?id=2359043440
Patos en el lago;Lagos;Patos en el lago;Patos-en-el-lago;;mfNhJVtO;https://steamcommunity.com/sharedfiles/filedetails/?id=2490878393
Kois Gigantes;Peces;Kois Gigantes;Kois-Gigantes;;8rM1fWG7;https://steamcommunity.com/sharedfiles/filedetails/?id=2200250797
Lago y Bosque;Lagos;Lago y Bosque;Lago-y-Bosque;;fUb1UPdy;https://steamcommunity.com/sharedfiles/filedetails/?id=1512181248
Quebec Rocher Perce;Paisajes;Quebec Rocher Perce;Quebec-Rocher-Perce;;KwrjD9i0;https://steamcommunity.com/sharedfiles/filedetails/?id=2681038928
Tornado en el Desierto;Desiertos;Tornado en el Desierto;Tornado-en-el-Desierto;;yAeD73Uh;https://steamcommunity.com/sharedfiles/filedetails/?id=2682806664
Dunas de Arena;Desiertos;Dunas de Arena;Dunas-de-Arena;;SNkFCz2T;https://steamcommunity.com/sharedfiles/filedetails/?id=2646159144
Otoño Dorado;bosques;Otoño Dorado;Otoño-Dorado;;E43Dq9C5;https://steamcommunity.com/sharedfiles/filedetails/?id=2238152190
Bosque en Invierno;bosques;Bosque en Invierno;Bosque-en-Invierno;;L1AuxJxD;https://steamcommunity.com/sharedfiles/filedetails/?id=1929493662
Ominous Edge;Montañas;Ominous Edge;Ominous-Edge;;JcHqoiNe;https://steamcommunity.com/sharedfiles/filedetails/?id=1508891127
Olas Relajantes;Playa;Olas Relajantes;Olas-Relajantes;;5X1M7UI2;https://steamcommunity.com/sharedfiles/filedetails/?id=2095917182
Sakura Street;ArtWork;Sakura Street;Sakura-Street;;PjwM4wGt;https://steamcommunity.com/sharedfiles/filedetails/?id=2256111734
Sundown;Bosques;Sundown;Sundown;;OCbx6Xlr;https://steamcommunity.com/sharedfiles/filedetails/?id=1557361060
Rocas en el Mar;Mar;Rocas en el Mar;Rocas-en-el-Mar;;41yjtl5m;https://steamcommunity.com/sharedfiles/filedetails/?id=1962076528
Jungle Breeze;Rios;Jungle Breeze;Jungle-Breeze;;Zqg3rV1y;https://steamcommunity.com/sharedfiles/filedetails/?id=1436522951
Peacefull Village;ArtWork;Peacefull Village;Peacefull-Village;;UZkrCGSi;https://steamcommunity.com/sharedfiles/filedetails/?id=2378290264
Sunset;Playa;Sunset;Sunset;;YTNo4tK8;https://steamcommunity.com/sharedfiles/filedetails/?id=1224671303
Día de pesca en el Mar;Mar;Día de pesca en el Mar;Día-de-pesca-en-el-Mar;;aEOYOeqo;https://steamcommunity.com/sharedfiles/filedetails/?id=1923730296
Serpiente de río gigante;Rios;Serpiente de río gigante;Serpiente-de-río-gigante;;XdyuyApv;https://steamcommunity.com/sharedfiles/filedetails/?id=1641941483
Hojas cayendo en el bosque;bosques;Hojas cayendo en el bosque;Hojas-cayendo-en-el-bosque;;rtZqS1n5;https://steamcommunity.com/sharedfiles/filedetails/?id=2223753280
Sakura Ghibli;Flores;Sakura Ghibli;Sakura-Ghibli;;Xmy6cNoj;https://steamcommunity.com/sharedfiles/filedetails/?id=2277390601
Pequeña Isla de Rocas;Islas;Pequeña Isla de Rocas;Pequeña-Isla-de-Rocas;;;https://steamcommunity.com/sharedfiles/filedetails/?id=2008251577
Lámpara y Hojas Otoñales;Relajantes;Lámpara y Hojas Otoñales;Lámpara-y-Hojas-Otoñales;;TYM4zjeI;https://steamcommunity.com/sharedfiles/filedetails/?id=2380071730
The Fisherman & The Misterious Eye;Fantasia;The Fisherman & The Misterious Eye;The-Fisherman-&-The-Misterious-Eye;;TsGkSNVE;https://steamcommunity.com/sharedfiles/filedetails/?id=1214070819
Tortuga nadando;Animales;Tortuga nadando;Tortuga-nadando;;efynAFwh;https://steamcommunity.com/sharedfiles/filedetails/?id=1418902529
Charca de Kois bajo la Luna;Peces;Charca de Kois bajo la Luna;Charca-de-Kois-bajo-la-Luna;;nRfPw56B;https://steamcommunity.com/sharedfiles/filedetails/?id=1111119823
El árbol rey;Arboles;El árbol rey;El-árbol-rey;;9qVfCEkv;https://steamcommunity.com/sharedfiles/filedetails/?id=2429285499
