titulo;categoria;nombre;archivos2;archivos;videomobile;video;engine
Asuka;Evangelion;Asuka;asuka;Asuka;79awLRKV;jd0PxItV;https://steamcommunity.com/sharedfiles/filedetails/?id=2533288714
Jean;Genshin Impact;Jean;jean;Jean;uq61uciW;pcfI1sGy;https://steamcommunity.com/sharedfiles/filedetails/?id=2540984634
Wall e;Disney;Wall e;wall e;Wall e;PDmXJKfq;rmqzpq6M;https://steamcommunity.com/sharedfiles/filedetails/?id=2271492985
Concept Art;Halo;Concept Art;concept art;Concept Art;Lqp6uVjw;OeYfNufw;https://steamcommunity.com/sharedfiles/filedetails/?id=1685665162
Lamborghini Aventador 4K;Coches;Lamborghini Aventador 4K;lamborghini aventador 4k;Lamborghini Aventador 4K;0aBjmJhR;xpYDPYIH;https://steamcommunity.com/sharedfiles/filedetails/?id=2665812582
Girl in The Hood;ArtWork;Girl in The Hood;girl in the hood;Girl in The Hood;mJQGMn2f;VQSI5hPg;https://steamcommunity.com/sharedfiles/filedetails/?id=2459064232
Blue Heart;Corazones;Blue Heart;blue heart;Blue Heart;zBgW7fk8;CoFsXalK;https://steamcommunity.com/sharedfiles/filedetails/?id=2395828761
Heart Attack;Corazones;Heart Attack;heart attack;Heart Attack;xZ3DBA2T;GF5nwnoq;https://steamcommunity.com/sharedfiles/filedetails/?id=2677177394
Heart Background;Corazones;Heart Background;heart background;Heart Background;IVDkPW04;9MA6X9wo;https://steamcommunity.com/sharedfiles/filedetails/?id=2531703382
Multipliying Hearts;Corazones;Multipliying Hearts;multipliying hearts;Multipliying Hearts;2bP0qb4G;SqZAnl7m;https://steamcommunity.com/sharedfiles/filedetails/?id=1891277747
